file	artist	title	date_added	year	genre	guitar	rig	notion_id
AC_DC - Highway To Hell.gp	AC_DC	Highway To Hell	12-22-2025	1979	Rock	Gibson SG	AMP UK 50 JP/Drive	f6df4ebe-4b6d-4a0a-9c97-ba1b0dd885e0
AC_DC - Thunderstruck.gp	AC_DC	Thunderstruck	12-21-2025	1990	Rock	Gibson SG	AMP UK 50 JP/Drive	35dd399a-325b-81b5-b417-ca919d74af2d
AC_DC - You Shook Me All Night Long.gp	AC_DC	You Shook Me All Night Long	12-13-2025	1980	Rock	Les deux	AMP UK 50 JP/Drive	35dd399a-325b-8157-9a50-cc856e110fe6
Accept - Balls To The Wall.gp	Accept	Balls To The Wall	02-11-2026	-	-	-	-	-
Adele - Rolling In The Deep.gp	Adele	Rolling In The Deep	10-15-2025	2010	Pop|R&B	Les deux	AMP unknown	f358aac4-a3ff-42f1-9ef6-b862b6d01efb
Adele - Someone Like You.gp	Adele	Someone Like You	08-11-2024	2011	Pop	Acoustique	-	272f9fe6-b9c5-431d-8e61-f2dca309da08
Aerosmith - Back In The Saddle.gp	Aerosmith	Back In The Saddle	10-16-2024	1976	Rock	Gibson SG	AMP UK 45/Drive	35dd399a-325b-81f3-ba35-fa87add1b044
Aerosmith - Crazy.gp	Aerosmith	Crazy	03-16-2026	1993	Rock	Les deux	AMP UK 50 JP/Drive	35dd399a-325b-811d-8897-e1300f97dcec
Aerosmith - Cryin'.gp	Aerosmith	Cryin'	04-24-2026	1993	Rock	Gibson SG	AMP UK 50 JP/Drive	35dd399a-325b-8108-9145-e98dc0b20af5
Aerosmith - Dream On.gp	Aerosmith	Dream On	01-17-2026	-	-	-	-	-
Aerosmith - Janie's Got A Gun.gp	Aerosmith	Janie's Got A Gun	02-08-2024	-	-	-	-	-
Aerosmith - Last Child.gp	Aerosmith	Last Child	03-01-2025	1976	Rock	Gibson SG	AMP UK 45/Drive	35dd399a-325b-81ae-afc4-cc05d6400a01
Aerosmith - Love In An Elevator.gp	Aerosmith	Love In An Elevator	04-04-2026	1989	Rock	Les deux	AMP UK 50 JP/Drive	35dd399a-325b-8103-974b-f921fbc3496b
Aerosmith - Mama Kin.gp	Aerosmith	Mama Kin	01-21-2026	1973	Rock	Gibson SG	AMP UK 45/Drive	35dd399a-325b-815b-ab2f-eb2015e536cf
Aerosmith - Same Old Song And Dance.gp	Aerosmith	Same Old Song And Dance	03-09-2025	1974	Rock	Gibson SG	AMP UK 45/Drive	35dd399a-325b-81ba-a0d3-e3d40f871fb3
Aerosmith - Sweet Emotion.gp	Aerosmith	Sweet Emotion	04-24-2026	-	-	-	-	-
Aerosmith - Toys In The Attic.gp	Aerosmith	Toys In The Attic	12-30-2011	1975	Rock	Gibson SG	AMP UK 50 JP/Drive	35dd399a-325b-81cc-8c56-e411041fcab5
Aerosmith - Walk This Way.gp	Aerosmith	Walk This Way	03-18-2026	-	-	-	-	-
Al Green - Let's Stay Together.gp	Al Green	Let's Stay Together	09-30-2024	-	-	-	-	-
Alabama Shakes - Dont Wanna Fight.gp	Alabama Shakes	Dont Wanna Fight	11-05-2025	-	-	-	-	-
Alabama Shakes - Hold On.gp	Alabama Shakes	Hold On	04-25-2018	-	-	-	-	-
Alain Bashung - Gaby.gp	Alain Bashung	Gaby	04-24-2025	-	-	-	-	-
Alain Bashung - La Nuit Je Mens.gp	Alain Bashung	La Nuit Je Mens	03-21-2026	-	-	-	-	-
Alain Bashung - Osez Joséphine.gp	Alain Bashung	Osez Joséphine	08-11-2009	-	-	-	-	-
Alain Bashung - Vertige De L'amour.gp	Alain Bashung	Vertige De L'amour	05-30-2023	-	-	-	-	-
Alain Souchon - Foule Sentimentale.gp	Alain Souchon	Foule Sentimentale	12-10-2025	-	-	-	-	-
Alain Souchon - J'ai Dix Ans.gp	Alain Souchon	J'ai Dix Ans	05-28-2025	-	-	-	-	-
Alanis Morissette - Hand In My Pocket.gp	Alanis Morissette	Hand In My Pocket	05-14-2013	-	-	-	-	-
Alanis Morissette - Ironic.gp	Alanis Morissette	Ironic	11-28-2008	-	-	-	-	-
Alanis Morissette - You Oughta Know.gp	Alanis Morissette	You Oughta Know	07-13-2025	1995	Rock	Les deux	AMP UK 50 JP/Drive	35dd399a-325b-811c-ac43-e59497d8faf6
Albert King - Crosscut Saw.gp	Albert King	Crosscut Saw	11-08-2024	-	-	-	-	-
Albert King With Stevie Ray Vaughan - Born Under a Bad Sign.gp	Albert King With Stevie Ray Vaughan	Born Under a Bad Sign	11-21-2023	-	-	-	-	-
Alice in Chains - Angry Chair.gp	Alice in Chains	Angry Chair	05-12-2026	-	-	-	-	-
Alice in Chains - Down In A Hole.gp	Alice in Chains	Down In A Hole	08-10-2024	-	-	-	-	-
Alice in Chains - Man In The Box.gp	Alice in Chains	Man In The Box	02-24-2026	-	-	-	-	-
Alice in Chains - No Excuses.gp	Alice in Chains	No Excuses	04-08-2026	-	-	-	-	-
Alice in Chains - Rain When I Die.gp	Alice in Chains	Rain When I Die	05-06-2026	-	-	-	-	-
Alice in Chains - Rooster.gp	Alice in Chains	Rooster	04-25-2026	-	-	-	-	-
Alice in Chains - Them Bones.gp	Alice in Chains	Them Bones	04-13-2026	-	-	-	-	-
Alice in Chains - Would_.gp	Alice in Chains	Would_	04-03-2026	-	-	-	-	-
Alvin Lee & Ten Years After - I'm Going Home.gp	Alvin Lee & Ten Years After	I'm Going Home	02-18-2009	-	-	-	-	-
America - A Horse With No Name.gp	America	A Horse With No Name	03-02-2026	-	-	-	-	-
America - Sister Golden Hair.gp	America	Sister Golden Hair	03-16-2026	-	-	-	-	-
Anthrax - Caught In A Mosh.gp	Anthrax	Caught In A Mosh	01-25-2026	1987	Rock	Gibson SG	AMP Modern/Drive	35dd399a-325b-8156-8522-fd6145282a29
Arctic Monkeys - 505.gp	Arctic Monkeys	505	04-24-2026	-	-	-	-	-
Arctic Monkeys - Brianstorm.gp	Arctic Monkeys	Brianstorm	03-26-2026	-	-	-	-	-
Arctic Monkeys - Crying Lightning.gp	Arctic Monkeys	Crying Lightning	05-13-2026	-	-	-	-	-
Arctic Monkeys - Do I Wanna Know_.gp	Arctic Monkeys	Do I Wanna Know_	11-21-2025	-	-	-	-	-
Arctic Monkeys - Fluorescent Adolescent.gp	Arctic Monkeys	Fluorescent Adolescent	02-04-2026	-	-	-	-	-
Arctic Monkeys - From The Ritz To The Rubble.gp	Arctic Monkeys	From The Ritz To The Rubble	04-13-2026	-	-	-	-	-
Arctic Monkeys - I Bet You Look Good On The Dancefloor.gp	Arctic Monkeys	I Bet You Look Good On The Dancefloor	05-03-2026	-	-	-	-	-
Arctic Monkeys - R U Mine_.gp	Arctic Monkeys	R U Mine_	04-30-2026	-	-	-	-	-
Arctic Monkeys - Why'd You Only Call Me When You're High_.gp	Arctic Monkeys	Why'd You Only Call Me When You're High_	04-25-2026	-	-	-	-	-
Aretha Franklin - Respect.gp	Aretha Franklin	Respect	09-02-2025	-	-	-	-	-
Asia - Heat Of The Moment.gp	Asia	Heat Of The Moment	08-13-2025	-	-	-	-	-
Audioslave - Be Yourself.gp	Audioslave	Be Yourself	04-20-2026	-	-	-	-	-
Audioslave - Cochise.gp	Audioslave	Cochise	01-05-2026	-	-	-	-	-
Audioslave - Like A Stone.gp	Audioslave	Like A Stone	04-21-2026	-	-	-	-	-
Audioslave - Show Me How To Live.gp	Audioslave	Show Me How To Live	01-24-2026	-	-	-	-	-
Avenged Sevenfold - Bat Country.gp	Avenged Sevenfold	Bat Country	05-07-2026	-	-	-	-	-
B.B. King - Everyday (I Have The Blues).gp	B.B. King	Everyday (I Have The Blues)	05-30-2023	-	-	-	-	-
B.B. King - The Thrill Is Gone.gp	B.B. King	The Thrill Is Gone	04-11-2026	-	-	-	-	-
Bachman - Turner Overdrive-Takin Care Of Business...gp	Bachman	Turner Overdrive-Takin Care Of Business..	11-16-2023	-	-	-	-	-
Bachman - Turner Overdrive-You Ain't Seen Nothing Yet.gp	Bachman	Turner Overdrive-You Ain't Seen Nothing Yet	10-23-2025	-	-	-	-	-
Bad Company - Bad Company.gp	Bad Company	Bad Company	02-09-2025	-	-	-	-	-
Bad Company - Can't Get Enough.gp	Bad Company	Can't Get Enough	02-11-2026	-	-	-	-	-
Bad Company - Feel Like Makin' Love.gp	Bad Company	Feel Like Makin' Love	03-31-2026	-	-	-	-	-
Bad Company - Ready For Love.gp	Bad Company	Ready For Love	12-09-2009	-	-	-	-	-
Bad Company - Rock 'N' Roll Fantasy.gp	Bad Company	Rock 'N' Roll Fantasy	10-10-2024	-	-	-	-	-
Bad Company - Shooting Star.gp	Bad Company	Shooting Star	04-14-2026	-	-	-	-	-
balavoine daniel - le chanteur.gp	balavoine daniel	le chanteur	03-22-2026	-	-	-	-	-
Barbara - l'aigle noir.gp	Barbara	l'aigle noir	09-21-2025	-	-	-	-	-
Bastille - Pompeii.gp	Bastille	Pompeii	01-11-2026	-	-	-	-	-
Bauhaus - Bela Lugosi's Dead.gp	Bauhaus	Bela Lugosi's Dead	01-03-2026	-	-	-	-	-
BB Brunes - coups et blessures.gp	BB Brunes	coups et blessures	02-09-2025	-	-	-	-	-
BB Brunes - Nico Teen Love.gp	BB Brunes	Nico Teen Love	01-08-2025	-	-	-	-	-
Beck - E-Pro.gp	Beck	E-Pro	08-15-2009	-	-	-	-	-
Beck - Loser.gp	Beck	Loser	02-26-2026	-	-	-	-	-
Beck - Where It's At.gp	Beck	Where It's At	04-25-2026	-	-	-	-	-
Beirut - Elephant Gun.gp	Beirut	Elephant Gun	05-14-2025	-	-	-	-	-
Ben Harper - Steal My Kisses.gp	Ben Harper	Steal My Kisses	12-28-2008	-	-	-	-	-
Better Than Ezra - Good.gp	Better Than Ezra	Good	05-27-2024	-	-	-	-	-
Bill Haley - Rock Around The Clock.gp	Bill Haley	Rock Around The Clock	06-18-2025	-	-	-	-	-
Bill Withers - Ain't No Sunshine.gp	Bill Withers	Ain't No Sunshine	02-04-2026	-	-	-	-	-
Billie Eilish - I love you.gp	Billie Eilish	I love you	07-14-2023	-	-	-	-	-
Billy Squier - Lonely is the Night.gp	Billy Squier	Lonely is the Night	01-26-2026	-	-	-	-	-
Black Pumas - Colors.gp	Black Pumas	Colors	01-14-2026	-	-	-	-	-
Black Sabbath - Children Of The Grave.gp	Black Sabbath	Children Of The Grave	04-21-2026	-	-	-	-	-
Black Sabbath - Fairies Wear Boots.gp	Black Sabbath	Fairies Wear Boots	05-06-2026	-	-	-	-	-
Black Sabbath - Heaven And Hell.gp	Black Sabbath	Heaven And Hell	04-27-2026	-	-	-	-	-
Black Sabbath - Iron Man.gp	Black Sabbath	Iron Man	03-15-2026	1970	Rock	Gibson SG	AMP UK 50 JP/Drive	a394299c-6bda-4bd4-b776-7b6f41895656
Black Sabbath - N.I.B.gp	Black Sabbath	N.I.B	04-18-2026	-	-	-	-	-
Black Sabbath - Paranoid.gp	Black Sabbath	Paranoid	12-24-2025	1970	Rock	Gibson SG	AMP UK 50 JP/Drive	faba4b16-77ae-42f7-9ae7-cf79246e9526
Black Sabbath - Sabbath Bloody Sabbath.gp	Black Sabbath	Sabbath Bloody Sabbath	04-09-2026	-	-	-	-	-
Black Sabbath - Sweet Leaf.gp	Black Sabbath	Sweet Leaf	10-04-2025	-	-	-	-	-
Black Sabbath - Symptom of the Universe.gp	Black Sabbath	Symptom of the Universe	12-04-2025	-	-	-	-	-
Black Sabbath - War Pigs.gp	Black Sabbath	War Pigs	12-15-2025	-	-	-	-	-
Blink-182 - All The Small Things.gp	Blink-182	All The Small Things	09-12-2025	1999	Rock	Gibson SG	AMP Modern/Drive	024f18f0-f07f-4324-8348-4b057f6f5391
Blink-182 - What's My Age Again_.gp	blink-182	What's My Age Again_	01-26-2026	-	-	-	-	-
Bloc Party - Banquet.gp	Bloc Party	Banquet	02-27-2026	-	-	-	-	-
Blondie - Heart Of Glass.gp	Blondie	Heart Of Glass	01-12-2026	-	-	-	-	-
Blue Öyster Cult - Burnin' For You.gp	Blue Öyster Cult	Burnin' For You	04-21-2026	-	-	-	-	-
Blue Öyster Cult - Don't Fear The Reaper.gp	Blue Öyster Cult	Don't Fear The Reaper	04-17-2026	-	-	-	-	-
Blue Öyster Cult - Godzilla.gp	Blue Öyster Cult	Godzilla	04-26-2026	-	-	-	-	-
Blues Traveler - Hook.gp	Blues Traveler	Hook	12-01-2025	-	-	-	-	-
Blur - Girls And Boys.gp	blur	Girls & Boys	02-16-2026	-	-	-	-	-
Blur - Song 2.gp	Blur	Song 2	12-28-2025	-	-	-	-	-
Bo Diddley - Who Do You Love_.gp	Bo Diddley	Who Do You Love_	12-21-2025	-	-	-	-	-
Bob Dylan - Blowin' in the Wind.gp	Bob Dylan	Blowin' in the Wind	02-04-2026	1963	Folk	Acoustique	AMP US Dream/Clean	fc6ab87d-f89a-4375-9a07-d776b4992daf
Bob Dylan - Knockin' On Heaven's Door.gp	Bob Dylan	Knockin' On Heaven's Door	05-02-2024	1973	Folk|Rock	Acoustique	-	4db120ad-6e24-4073-bbc6-b57c3409a609
Bob Dylan - Like A Rolling Stone.gp	Bob Dylan	Like A Rolling Stone	02-06-2026	1965	Rock	Fender Strat Player II (SSS)	AMP US Dream/Clean	3ba404c7-4560-4464-b40b-06a71bfab4de
Bob Dylan - Mr. Tambourine Man.gp	Bob Dylan	Mr. Tambourine Man	11-26-2025	-	-	-	-	-
Bob Dylan - The Times They Are A-Changin'.gp	Bob Dylan	The Times They Are A-Changin'	01-16-2024	1964	Folk	Acoustique	-	9f312e7f-cd98-4e65-9561-27e40a769194
Bob Marley - Could You Be Loved.gp	Bob Marley	Could You Be Loved	08-26-2025	-	-	-	-	-
Bob Marley - No Woman, No Cry.gp	Bob Marley	No Woman, No Cry	08-19-2025	1974	Soul|Rock	Les deux	AMP Folk/Clean	2936b2e8-2eb2-4491-bd3d-b8b0eebe1c13
Bob Marley - Redemption Song.gp	Bob Marley	Redemption Song	07-24-2023	1980	Folk	Acoustique	-	867f57fc-6626-4319-bbf2-5520f3f26e0a
Bob Marley - Three Little Birds.gp	Bob Marley	Three Little Birds	07-13-2024	-	-	-	-	-
Bob Seger - Night Moves.gp	Bob Seger	Night Moves	04-09-2026	-	-	-	-	-
Bob Seger - Old Time Rock And Roll (Live).gp	Bob Seger	Old Time Rock And Roll (Live)	10-16-2009	-	-	-	-	-
Bon Iver - Skinny Love.gp	Bon Iver	Skinny Love	01-22-2026	-	-	-	-	-
Bon Jovi - Bad Medicine.gp	Bon Jovi	Bad Medicine	06-07-2025	-	-	-	-	-
Bon Jovi - It's My Life.gp	Bon Jovi	It's My Life	02-15-2026	-	-	-	-	-
Bon Jovi - Livin' On A Prayer.gp	Bon Jovi	Livin' On A Prayer	10-27-2025	-	-	-	-	-
Bon Jovi - You Give Love a Bad Name!.gp	Bon Jovi	You Give Love a Bad Name!	02-17-2026	-	-	-	-	-
Bon Jovi-Wanted Dead Or Alive - Rock Band Version.gp	Bon Jovi-Wanted Dead Or Alive	Rock Band Version	12-21-2011	-	-	-	-	-
Boney M. - Rasputin.gp	Boney M.	Rasputin	03-16-2026	-	-	-	-	-
Bonnie Raitt - Something To Talk About AI.gp	Bonnie Raitt	Something To Talk About AI	04-12-2026	-	-	-	-	-
Bonnie Tyler - Total Eclipse Of The Heart.gp	Bonnie Tyler	Total Eclipse Of The Heart	03-19-2026	-	-	-	-	-
Booker T And The Mgs - Time Is Tight.gp	Booker T And The Mgs	Time Is Tight	10-09-2009	-	-	-	-	-
Booker T. & The Mg's - Green Onions Remaster.gp	Booker T. & The Mg's	Green Onions Remaster	04-14-2026	-	-	-	-	-
Boston - Don't Look Back.gp	Boston	Don't Look Back	03-24-2026	-	-	-	-	-
Boston - Foreplay_Long Time.gp	Boston	Foreplay_Long Time	01-29-2026	-	-	-	-	-
Boston - Long Time.gp	Boston	Long Time	04-15-2025	-	-	-	-	-
Boston - More Than A Feeling.gp	Boston	More Than A Feeling	03-31-2026	-	-	-	-	-
Boston - Peace Of Mind.gp	Boston	Peace Of Mind	03-13-2026	-	-	-	-	-
Boston - Smokin'.gp	Boston	Smokin'	05-03-2026	-	-	-	-	-
Bright Eyes - First Day Of My Life.gp	Bright Eyes	First Day Of My Life	04-16-2018	-	-	-	-	-
Bruce Springsteen - Badlands.gp	Bruce Springsteen	Badlands	04-27-2025	-	-	-	-	-
Bruce Springsteen - Born In The U.S.A..gp	Bruce Springsteen	Born In The U.S.A.	07-06-2025	-	-	-	-	-
Bruce Springsteen - Born To Run.gp	Bruce Springsteen	Born To Run	02-04-2026	-	-	-	-	-
Bruce Springsteen - Dancing In The Dark.gp	Bruce Springsteen	Dancing In The Dark	12-11-2025	-	-	-	-	-
Bruce Springsteen - Glory Days.gp	Bruce Springsteen	Glory Days	08-31-2025	-	-	-	-	-
Bruce Springsteen - Hungry Heart.gp	Bruce Springsteen	Hungry Heart	11-21-2024	-	-	-	-	-
Bruce Springsteen - The River.gp	Bruce Springsteen	The River	11-07-2025	-	-	-	-	-
Bruce Springsteen - Thunder Road.gp	Bruce Springsteen	Thunder Road	04-21-2026	-	-	-	-	-
Bryan Adams - (Everything I Do) I Do It For You.gp	Bryan Adams	(Everything I Do) I Do It For You	06-11-2025	-	-	-	-	-
Bryan Adams - Cuts Like A Knife.gp	Bryan Adams	Cuts Like A Knife	06-24-2024	-	-	-	-	-
Bryan Adams - Heaven (Classic Version).gp	Bryan Adams	Heaven (Classic Version)	01-20-2026	-	-	-	-	-
Bryan Adams - Run To You (Classic Version).gp	Bryan Adams	Run To You (Classic Version)	12-02-2025	-	-	-	-	-
Bryan Adams - Summer Of '69.gp	Bryan Adams	Summer Of '69	04-08-2026	-	-	-	-	-
Buddy Guy - Damn Right, I've Got The Blues.gp	Buddy Guy	Damn Right, I've Got The Blues	03-06-2025	-	-	-	-	-
Buddy Holly - Peggy Sue Got Married.gp	Buddy Holly	Peggy Sue Got Married	05-17-2012	-	-	-	-	-
Buddy Holly - That'll Be The Day.gp	Buddy Holly	That'll Be The Day	11-26-2025	1957	Rock	Fender Strat Player II (SSS)	AMP US Dream/Clean	0fa03c45-5f24-4260-9550-2a0eb8fb05fe
Buffalo Springfield - For What It's Worth.gp	Buffalo Springfield	For What It's Worth	01-09-2026	-	-	-	-	-
Bush - Glycerine.gp	Bush	Glycerine	02-19-2026	-	-	-	-	-
Bush - Machinehead.gp	Bush	Machinehead	05-04-2026	-	-	-	-	-
Bush - Testosterone.gp	Bush	Testosterone	02-09-2025	-	-	-	-	-
Cage The Elephant - Ain't No Rest For The Wicked.gp	Cage The Elephant	Ain't No Rest For The Wicked	06-05-2025	-	-	-	-	-
Cage The Elephant - Shake Me Down.gp	Cage The Elephant	Shake Me Down	07-06-2023	-	-	-	-	-
Cake - Short Skirt_Long Jacket.gp	Cake	Short Skirt_Long Jacket	01-29-2025	-	-	-	-	-
Cake - The Distance.gp	Cake	The Distance	04-10-2025	-	-	-	-	-
Cali - Elle M'a Dit.gp	Cali	Elle M'a Dit	11-28-2008	-	-	-	-	-
Calogero - En Apesanteur.gp	Calogero	En Apesanteur	12-06-2025	-	-	-	-	-
Calogero - Si Seulement Je Pouvais Lui Manquer.gp	Calogero	Si Seulement Je Pouvais Lui Manquer	11-07-2023	-	-	-	-	-
Calogero - Yalla.gp	Calogero	Yalla	12-13-2008	-	-	-	-	-
Canned Heat - Going Up The Country.gp	Canned Heat	Going Up The Country	11-10-2025	-	-	-	-	-
Carl Perkins - Blue Suede Shoes.gp	Carl Perkins	Blue Suede Shoes	05-28-2024	-	-	-	-	-
Carlos Santana - Black Magic Woman.gp	Carlos Santana	Black Magic Woman	12-05-2025	-	-	-	-	-
Carlos Santana - Europa.gp	Carlos Santana	Europa	04-27-2026	-	-	-	-	-
Carlos Santana - Evil Ways.gp	Carlos Santana	Evil Ways	10-22-2025	-	-	-	-	-
Carlos Santana - Maria Maria.gp	Carlos Santana	Maria Maria	01-11-2026	-	-	-	-	-
Carlos Santana - Oye Como Va.gp	Carlos Santana	Oye Como Va	04-28-2026	-	-	-	-	-
Carlos Santana - Samba Pa Ti.gp	Carlos Santana	Samba Pa Ti	01-13-2026	-	-	-	-	-
Carlos Santana - Soul Sacrifice.gp	Carlos Santana	Soul Sacrifice	05-22-2025	-	-	-	-	-
Carole King - I Feel The Earth Move.gp	Carole King	I Feel The Earth Move	08-22-2024	-	-	-	-	-
Carole King - It's Too Late.gp	Carole King	It's Too Late	08-22-2024	-	-	-	-	-
Cat Stevens - Father And Son.gp	Cat Stevens	Father And Son	02-13-2026	-	-	-	-	-
Cat Stevens - Moonshadow.gp	Cat Stevens	Moonshadow	03-25-2026	-	-	-	-	-
Cat Stevens - Morning Has Broken.gp	Cat Stevens	Morning Has Broken	12-14-2024	-	-	-	-	-
Cat Stevens - Peace Train.gp	Cat Stevens	Peace Train	05-07-2023	-	-	-	-	-
Cat Stevens - Wild World.gp	Cat Stevens	Wild World	01-02-2024	-	-	-	-	-
Charles Aznavour - Emmenez-moi.gp	Charles Aznavour	Emmenez-moi	03-19-2026	-	-	-	-	-
Charlie Daniels Band - The Devil Went Down To Georgia.gp	Charlie Daniels Band	The Devil Went Down To Georgia	05-12-2026	-	-	-	-	-
Charlélie Couture - Comme Un Avion Sans Ailes.gp	Charlélie Couture	Comme Un Avion Sans Ailes	12-14-2025	-	-	-	-	-
Cheap Trick - I Want You To Want Me.gp	Cheap Trick	I Want You To Want Me	11-28-2023	-	-	-	-	-
Cheap Trick - Surrender.gp	Cheap Trick	Surrender	03-08-2026	-	-	-	-	-
Chicago - 25 Or 6 To 4.gp	Chicago	25 Or 6 To 4	06-21-2025	-	-	-	-	-
Chicago - Hard To Say I'm Sorry.gp	Chicago	Hard To Say I'm Sorry	10-10-2009	-	-	-	-	-
Chicago - Saturday In The Park.gp	Chicago	Saturday In The Park	03-20-2024	-	-	-	-	-
Chicago - Sufjan Stevens.gp	Chicago	Sufjan Stevens	03-21-2026	-	-	-	-	-
Christophe - Aline.gp	Christophe	Aline	09-12-2025	-	-	-	-	-
Christophe - Les mots bleus.gp	Christophe	Les mots bleus	06-12-2025	-	-	-	-	-
Christophe Maé - Il est où le bonheur.gp	Christophe Maé	Il est où le bonheur	12-02-2025	-	-	-	-	-
Christophe Maé - On S'attache.gp	Christophe Maé	On S'attache	09-17-2009	-	-	-	-	-
Chuck Berry - Johnny B. Goode.gp	Chuck Berry	Johnny B. Goode	01-03-2026	1958	Rock	Fender Strat Player II (SSS)	AMP TWD 59B/Drive	be7bfd13-3c80-4996-8dfd-b3d5380711af
Chuck Berry - Roll Over Beethoven.gp	Chuck Berry	Roll Over Beethoven	12-07-2025	1956	Rock	Fender Strat Player II (SSS)	AMP TWD 59B/Drive	b70bbcbc-7543-4d7d-a939-e55bd42fac3c
Cinderella - Don't Know What You Got (Till It's Gone).gp	Cinderella	Don't Know What You Got (Till It's Gone)	02-25-2026	-	-	-	-	-
Cocoon - Chupee.gp	Cocoon	Chupee	10-02-2010	-	-	-	-	-
Coldplay - Clocks.gp	Coldplay	Clocks	02-07-2026	-	-	-	-	-
Coldplay - Fix You.gp	Coldplay	Fix You	04-17-2026	-	-	-	-	-
Coldplay - My Universe.gp	Coldplay	My Universe	01-08-2026	-	-	-	-	-
Coldplay - The Scientist.gp	Coldplay	The Scientist	04-13-2026	-	-	-	-	-
Coldplay - Viva La Vida.gp	Coldplay	Viva La Vida	11-06-2025	2008	Pop	Fender Strat Player II (SSS)	AMP Dark Twin/Clean	7c33103c-1dc2-4226-a17b-ecf0795e95c5
Coldplay - Yellow.gp	Coldplay	Yellow	03-09-2026	-	-	-	-	-
Collective Soul - December.gp	Collective Soul	December	01-10-2026	-	-	-	-	-
Collective Soul - Shine.gp	Collective Soul	Shine	05-03-2026	-	-	-	-	-
Commodores - Brick House 2.0.gp	Commodores	Brick House 2.0	12-22-2025	-	-	-	-	-
Counting Crows - A Long December.gp	Counting Crows	A Long December	10-19-2016	-	-	-	-	-
Counting Crows - Mr. Jones.gp	Counting Crows	Mr. Jones	04-24-2026	-	-	-	-	-
Counting Crows - Omaha V2.gp	Counting Crows	Omaha V2	02-28-2025	-	-	-	-	-
Cranberries - Dreams.gp	Cranberries	Dreams	03-28-2026	-	-	-	-	-
Cream - Badge.gp	Cream	Badge	11-03-2025	-	-	-	-	-
Cream - Crossroads.gp	Cream	Crossroads	04-03-2026	-	-	-	-	-
Cream - I Feel Free.gp	Cream	I Feel Free	03-24-2026	-	-	-	-	-
Cream - Strange Brew.gp	Cream	Strange Brew	07-14-2025	-	-	-	-	-
Cream - Sunshine Of Your Love.gp	Cream	Sunshine Of Your Love	03-16-2026	1967	Rock|Blues	Gibson SG	AMP UK 45/Drive	33b50e8f-32e8-4c32-990e-6f1b8f99ccaf
Cream - Tales Of Brave Ulysses.gp	Cream	Tales Of Brave Ulysses	08-28-2009	-	-	-	-	-
Cream - White Room.gp	Cream	White Room	03-15-2026	-	-	-	-	-
Creed - With Arms Wide Open.gp	Creed	With Arms Wide Open	03-12-2026	-	-	-	-	-
Creedence Clearwater Revival - Bad Moon Rising.gp	Creedence Clearwater Revival	Bad Moon Rising	02-25-2026	-	-	-	-	-
Creedence Clearwater Revival - Born On The Bayou.gp	Creedence Clearwater Revival	Born On The Bayou	01-04-2026	-	-	-	-	-
Creedence Clearwater Revival - Down On The Corner.gp	Creedence Clearwater Revival	Down On The Corner	05-11-2026	-	-	-	-	-
Creedence Clearwater Revival - Fortunate Son.gp	Creedence Clearwater Revival	Fortunate Son	12-28-2025	-	-	-	-	-
Creedence Clearwater Revival - Green River.gp	Creedence Clearwater Revival	Green River	03-21-2026	-	-	-	-	-
Creedence Clearwater Revival - Have You Ever Seen The Rain.gp	Creedence Clearwater Revival	Have You Ever Seen The Rain	03-07-2026	-	-	-	-	-
Creedence Clearwater Revival - Looking out my back door.gp	Creedence Clearwater Revival	Looking out my back door	04-24-2025	-	-	-	-	-
Creedence Clearwater Revival - Proud Mary.gp	Creedence Clearwater Revival	Proud Mary	04-01-2026	-	-	-	-	-
Creedence Clearwater Revival - Run Through The Jungle.gp	Creedence Clearwater Revival	Run Through The Jungle	10-14-2025	-	-	-	-	-
Creedence Clearwater Revival - Suzie Q.gp	Creedence Clearwater Revival	Suzie Q	12-18-2025	-	-	-	-	-
Creedence Clearwater Revival - Up Around The Bend.gp	Creedence Clearwater Revival	Up Around The Bend	03-26-2026	-	-	-	-	-
Creedence Clearwater Revival - Who'll Stop The Rain.gp	Creedence Clearwater Revival	Who'll Stop The Rain	08-26-2025	-	-	-	-	-
Crosby, Stills & Nash - Suite_ Judy Blue Eyes.gp	Crosby, Stills & Nash	Suite_ Judy Blue Eyes	10-25-2024	-	-	-	-	-
Crosby, Stills, Nash & Young - Ohio.gp	Crosby, Stills, Nash & Young	Ohio	03-31-2026	-	-	-	-	-
Crosby, Stills, Nash & Young - Suite_ Judy Blue Eyes.gp	Crosby, Stills, Nash & Young	Suite_ Judy Blue Eyes	08-27-2009	-	-	-	-	-
Curtis Mayfield - Move On Up.gp	Curtis Mayfield	Move On Up	04-27-2025	-	-	-	-	-
Curtis Mayfield - Superfly.gp	Curtis Mayfield	Superfly	01-10-2009	-	-	-	-	-
Cyndi Lauper - Girls Just Want To Have Fun.gp	Cyndi Lauper	Girls Just Want To Have Fun	09-28-2025	-	-	-	-	-
Cyndi Lauper - Time After Time.gp	Cyndi Lauper	Time After Time	02-16-2026	-	-	-	-	-
Cœur de pirate - Comme Des Enfants.gp	Cœur de pirate	Comme Des Enfants	04-12-2010	-	-	-	-	-
Damien Rice - 9 Crimes.gp	Damien Rice	9 Crimes	09-17-2009	-	-	-	-	-
Damien Rice - Blowers Daughter.gp	Damien Rice	Blowers Daughter	10-14-2009	-	-	-	-	-
Daniel Balavoine - L'aziza.gp	Daniel Balavoine	L'aziza	06-14-2023	-	-	-	-	-
Daniel Balavoine - Mon Fils Ma Bataille.gp	Daniel Balavoine	Mon Fils Ma Bataille	03-30-2026	-	-	-	-	-
Dave Matthews Band - Crash Into Me.gp	Dave Matthews Band	Crash Into Me	01-13-2026	-	-	-	-	-
David Bowie - China Girl.gp	David Bowie	China Girl	12-17-2025	-	-	-	-	-
David Bowie - Fame.gp	David Bowie	Fame	10-29-2024	-	-	-	-	-
David Bowie - Heroes.gp	David Bowie	Heroes	04-11-2026	-	-	-	-	-
David Bowie - Let's Dance.gp	David Bowie	Let's Dance	05-01-2026	-	-	-	-	-
David Bowie - Life On Mars_.gp	David Bowie	Life On Mars_	12-16-2025	-	-	-	-	-
David Bowie - Modern Love.gp	David Bowie	Modern Love	10-20-2025	-	-	-	-	-
David Bowie - Moonage Daydream.gp	David Bowie	Moonage Daydream	01-15-2026	-	-	-	-	-
David Bowie - Rebel Rebel.gp	David Bowie	Rebel Rebel	09-27-2023	-	-	-	-	-
David Bowie - Starman.gp	David Bowie	Starman	02-15-2026	-	-	-	-	-
David Bowie - Suffragette City.gp	David Bowie	Suffragette City	11-29-2025	-	-	-	-	-
David Bowie - Under Pressure.gp	David Bowie	Under Pressure	11-04-2024	-	-	-	-	-
David Bowie - Ziggy Stardust.gp	David Bowie	Ziggy Stardust	10-30-2024	-	-	-	-	-
Death Cab For Cutie - I Will Follow You Into The Dark.gp	Death Cab For Cutie	I Will Follow You Into The Dark	02-08-2026	-	-	-	-	-
Death Cab For Cutie - Soul Meets Body.gp	Death Cab For Cutie	Soul Meets Body	04-14-2026	-	-	-	-	-
Death Cab For Cutie - Transatlanticism.gp	Death Cab For Cutie	Transatlanticism	10-19-2016	-	-	-	-	-
Deep Purple - Black Night.gp	Deep Purple	Black Night	04-21-2026	-	-	-	-	-
Deep Purple - Burn.gp	Deep Purple	Burn	03-30-2026	-	-	-	-	-
Deep Purple - Child In Time.gp	Deep Purple	Child In Time	02-13-2026	-	-	-	-	-
Deep Purple - Highway Star.gp	Deep Purple	Highway Star	04-21-2026	-	-	-	-	-
Deep Purple - Hush.gp	Deep Purple	Hush	03-02-2026	-	-	-	-	-
Deep Purple - Lazy.gp	Deep Purple	Lazy	07-27-2025	-	-	-	-	-
Deep Purple - Smoke On The Water.gp	Deep Purple	Smoke On The Water	03-16-2026	-	-	-	-	-
Deep Purple - Space Truckin'.gp	Deep Purple	Space Truckin'	08-28-2022	-	-	-	-	-
Def Leppard - Animal.gp	Def Leppard	Animal	05-04-2026	-	-	-	-	-
Def Leppard - Photograph.gp	Def Leppard	Photograph	03-23-2026	-	-	-	-	-
Def Leppard - Pour Some Sugar On Me.gp	Def Leppard	Pour Some Sugar On Me	01-18-2026	-	-	-	-	-
Def Leppard - Rock Of Ages.gp	Def Leppard	Rock Of Ages	11-05-2024	-	-	-	-	-
Deftones - My Own Summer (Shove It).gp	Deftones	My Own Summer (Shove It)	12-22-2025	-	-	-	-	-
Depeche Mode - Enjoy The Silence.gp	Depeche Mode	Enjoy The Silence	03-17-2026	-	-	-	-	-
Depeche Mode - Personal Jesus.gp	Depeche Mode	Personal Jesus	01-20-2026	-	-	-	-	-
Derek And The Dominos - Layla.gp	Derek And The Dominos	Layla	01-16-2026	-	-	-	-	-
Devo - Whip It.gp	Devo	Whip It	10-01-2025	-	-	-	-	-
Diamond Head - Am I Evil_.gp	Diamond Head	Am I Evil_	04-18-2026	-	-	-	-	-
Dick Dale - Misirlou.gp	Dick Dale	Misirlou	05-06-2026	-	-	-	-	-
Dinosaur Jr. - Feel The Pain.gp	Dinosaur Jr.	Feel The Pain	04-19-2026	-	-	-	-	-
Dinosaur Jr. - Freak Scene.gp	Dinosaur Jr.	Freak Scene	10-29-2025	-	-	-	-	-
Dio - Holy Diver.gp	Dio	Holy Diver	03-16-2026	-	-	-	-	-
Dio - Rainbow In The Dark.gp	Dio	Rainbow In The Dark	04-04-2026	-	-	-	-	-
Dio - The Last In Line.gp	Dio	The Last In Line	04-22-2026	-	-	-	-	-
Dio - We Rock.gp	Dio	We Rock	02-14-2026	-	-	-	-	-
Dire Straits - Brothers In Arms.gp	Dire Straits	Brothers In Arms	01-23-2026	-	-	-	-	-
Dire Straits - Money For Nothing.gp	Dire Straits	Money For Nothing	04-11-2026	-	-	-	-	-
Dire Straits - Romeo And Juliet.gp	Dire Straits	Romeo And Juliet	04-15-2026	-	-	-	-	-
Dire Straits - So Far Away.gp	Dire Straits	So Far Away	02-05-2024	-	-	-	-	-
Dire Straits - Sultans Of Swing.gp	Dire Straits	Sultans Of Swing	03-24-2026	-	-	-	-	-
Dire Straits - Tunnel Of Love.gp	Dire Straits	Tunnel Of Love	10-27-2025	-	-	-	-	-
Dire Straits - Walk Of Life.gp	Dire Straits	Walk Of Life	12-27-2025	-	-	-	-	-
Disturbed - Down With The Sickness.gp	Disturbed	Down With The Sickness	04-06-2026	-	-	-	-	-
Disturbed - Stricken.gp	Disturbed	Stricken	05-01-2026	-	-	-	-	-
Django Reinhardt - Gypsy Jazz.gp	Django Reinhardt	Gypsy Jazz	08-04-2016	-	-	-	-	-
Django Reinhardt - I'll See You In My Dreams.gp	Django Reinhardt	I'll See You In My Dreams	08-19-2025	-	-	-	-	-
Django Reinhardt - Minor Swing.gp	Django Reinhardt	Minor Swing	10-09-2024	-	-	-	-	-
Django Reinhardt - Nuages.gp	Django Reinhardt	Nuages	05-30-2025	-	-	-	-	-
Don Henley - End Of The Innocence.gp	Don Henley	End Of The Innocence	04-28-2025	-	-	-	-	-
Don Henley - The Boys Of Summer.gp	Don Henley	The Boys Of Summer	03-04-2025	-	-	-	-	-
Don McLean - American Pie.gp	Don McLean	American Pie	12-20-2025	1971	Folk|Rock	Acoustique	-	4e6b1bde-c93f-42f8-ac89-8509fbb705dd
Donovan - Mellow Yellow.gp	Donovan	Mellow Yellow	11-25-2025	-	-	-	-	-
Eagle-Eye Cherry - Save Tonight.gp	Eagle-Eye Cherry	Save Tonight	01-03-2026	-	-	-	-	-
Earth Wind And Fire-September - by GuitarLogic.gp	Earth Wind And Fire-September	by GuitarLogic	10-25-2022	-	-	-	-	-
Earth, Wind And Fire - September.gp	Earth, Wind And Fire	September	04-05-2026	-	-	-	-	-
Echo And The Bunnymen - The Killing Moon.gp	Echo And The Bunnymen	The Killing Moon	02-03-2026	-	-	-	-	-
Ed Sheeran - Photograph.gp	Ed Sheeran	Photograph	11-24-2019	-	-	-	-	-
Ed Sheeran - Shape Of You.gp	Ed Sheeran	Shape Of You	12-22-2024	-	-	-	-	-
Ed Sheeran - The A Team.gp	Ed Sheeran	The A Team	09-12-2025	2011	Folk|Pop	Acoustique	-	64456fe8-aa56-44dd-9cb3-47132e8fc915
Ed Sheeran - Thinking Out Loud.gp	Ed Sheeran	Thinking Out Loud	12-19-2024	-	-	-	-	-
Eddie Cochran - Summertime Blues.gp	Eddie Cochran	Summertime Blues	08-23-2023	-	-	-	-	-
Eddy Mitchell - La Dernière Séance.gp	Eddy Mitchell	La Dernière Séance	04-17-2018	-	-	-	-	-
Edgar Winter Group - Frankenstein.gp	Edgar Winter Group	Frankenstein	04-30-2026	-	-	-	-	-
Edgar Winter Group - Free Ride.gp	Edgar Winter Group	Free Ride	02-28-2026	-	-	-	-	-
Editors - Munich.gp	Editors	Munich	05-03-2026	-	-	-	-	-
Elliott Smith - Between The Bars.gp	Elliott Smith	Between The Bars	02-28-2026	-	-	-	-	-
Elmore James - Dust My Broom.gp	Elmore James	Dust My Broom	02-13-2024	-	-	-	-	-
Elton John - Crocodile Rock.gp	Elton John	Crocodile Rock	03-19-2026	-	-	-	-	-
Elvis Costello - Pump It Up.gp	Elvis Costello	Pump It Up	08-26-2024	-	-	-	-	-
Elvis Presley - Heartbreak Hotel.gp	Elvis Presley	Heartbreak Hotel	05-03-2025	-	-	-	-	-
Elvis Presley - Hound Dog.gp	Elvis Presley	Hound Dog	04-15-2026	1956	Rock	Fender Strat Player II (SSS)	AMP US Dream/Clean	1c08c053-f6e8-4625-8288-7992e6f80024
Elvis Presley - Jailhouse Rock.gp	Elvis Presley	Jailhouse Rock	02-25-2026	1957	Rock	Fender Strat Player II (SSS)	AMP US Dream/Clean	993c9841-b059-46f7-993a-8ca316fda6f5
Elvis Presley - Suspicious Minds.gp	Elvis Presley	Suspicious Minds	08-12-2025	-	-	-	-	-
Emerson, Lake & Palmer - Lucky Man.gp	Emerson, Lake & Palmer	Lucky Man	04-01-2026	-	-	-	-	-
Eric Clapton - Bell Bottom Blues.gp	Eric Clapton	Bell Bottom Blues	08-30-2025	-	-	-	-	-
Eric Clapton - Cocaine.gp	Eric Clapton	Cocaine	12-19-2025	-	-	-	-	-
Eric Clapton - I Shot The Sheriff.gp	Eric Clapton	I Shot The Sheriff	01-07-2026	-	-	-	-	-
Eric Clapton - Layla.gp	Eric Clapton	Layla	09-26-2025	1970	Rock	Gibson SG	AMP Tweedy Clean/Drive	115a8ea8-ba48-4d31-8eb5-42988eec575f
Eric Clapton - Tears In Heaven.gp	Eric Clapton	Tears In Heaven	04-09-2026	-	-	-	-	-
Eric Clapton - Wonderful Tonight.gp	Eric Clapton	Wonderful Tonight	02-06-2026	-	-	-	-	-
Eric Johnson - Cliffs Of Dover.gp	Eric Johnson	Cliffs Of Dover	05-06-2026	-	-	-	-	-
Europe - The Final Countdown.gp	Europe	The Final Countdown	04-11-2026	1986	Rock	Gibson SG	AMP unknown/Drive	f3af01cb-d8a0-470f-9380-ba7814ad93f7
Eurythmics - Sweet Dreams (Are Made of This).gp	Eurythmics	Sweet Dreams (Are Made of This)	05-01-2025	-	-	-	-	-
Everclear - Father Of Mine.gp	Everclear	Father Of Mine	03-22-2026	-	-	-	-	-
Everclear - I Will Buy You A New Life.gp	Everclear	I Will Buy You A New Life	08-17-2025	-	-	-	-	-
Everclear - Santa Monica.gp	Everclear	Santa Monica	03-22-2026	-	-	-	-	-
Extreme - More Than Words.gp	Extreme	More Than Words	05-13-2025	-	-	-	-	-
Faith No More - Epic.gp	Faith No More	Epic	01-01-2026	-	-	-	-	-
Fall Out Boy-Sugar, We're Going Down - Band Arrangement.gp	Fall Out Boy-Sugar, We're Going Down	Band Arrangement	03-20-2026	-	-	-	-	-
Fleet Foxes - White Winter Hymnal.gp	Fleet Foxes	White Winter Hymnal	08-11-2020	-	-	-	-	-
Fleetwood Mac - Don't Stop.gp	Fleetwood Mac	Don't Stop	04-28-2026	-	-	-	-	-
Fleetwood Mac - Dreams.gp	Fleetwood Mac	Dreams	04-08-2026	-	-	-	-	-
Fleetwood Mac - Go Your Own Way.gp	Fleetwood Mac	Go Your Own Way	03-30-2026	-	-	-	-	-
Fleetwood Mac - Landslide.gp	Fleetwood Mac	Landslide	04-28-2026	1975	Folk|Rock	Acoustique	-	7fe43b7c-99ae-44a1-9910-40e6334e9296
Fleetwood Mac - Oh Well.gp	Fleetwood Mac	Oh Well	11-14-2024	-	-	-	-	-
Fleetwood Mac - Rhiannon.gp	Fleetwood Mac	Rhiannon	04-28-2026	-	-	-	-	-
Fleetwood Mac - The Chain.gp	Fleetwood Mac	The Chain	03-19-2026	-	-	-	-	-
Fleetwood Mac - The Green Manalishi (With the Two Prong Crown).gp	Fleetwood Mac	The Green Manalishi (With the Two Prong Crown)	02-07-2026	-	-	-	-	-
Fleetwood Mac - Tusk.gp	Fleetwood Mac	Tusk	04-04-2026	-	-	-	-	-
Florence And The Machine - Dog Days Are Over.gp	Florence And The Machine	Dog Days Are Over	09-02-2025	-	-	-	-	-
Foals - Mountain At My Gates.gp	Foals	Mountain At My Gates	06-14-2025	-	-	-	-	-
Foals - My Number.gp	Foals	My Number	01-03-2026	-	-	-	-	-
Foals - Spanish Sahara.gp	Foals	Spanish Sahara	04-12-2010	-	-	-	-	-
Foghat - Fool For The City.gp	Foghat	Fool For The City	05-18-2025	-	-	-	-	-
Foghat - I Just Want To Make Love To You.gp	Foghat	I Just Want To Make Love To You	07-08-2024	-	-	-	-	-
Foghat - Slow Ride.gp	Foghat	Slow Ride	03-23-2026	-	-	-	-	-
Foo Fighters - Best Of You.gp	Foo Fighters	Best Of You	05-07-2026	-	-	-	-	-
Foo Fighters - Everlong.gp	Foo Fighters	Everlong	12-09-2025	-	-	-	-	-
Foo Fighters - Monkey Wrench.gp	Foo Fighters	Monkey Wrench	03-20-2026	-	-	-	-	-
Foo Fighters - My Hero.gp	Foo Fighters	My Hero	04-12-2026	-	-	-	-	-
Foo Fighters - The Pretender.gp	Foo Fighters	The Pretender	03-24-2026	-	-	-	-	-
Foo Fighters - Times Like These.gp	Foo Fighters	Times Like These	04-28-2026	-	-	-	-	-
Foo Fighters - Walk.gp	Foo Fighters	Walk	04-07-2026	-	-	-	-	-
Foreigner - Cold As Ice.gp	Foreigner	Cold As Ice	04-06-2025	-	-	-	-	-
Foreigner - Dirty White Boy.gp	Foreigner	Dirty White Boy	11-27-2025	-	-	-	-	-
Foreigner - Double Vision.gp	Foreigner	Double Vision	04-26-2024	-	-	-	-	-
Foreigner - Hot Blooded.gp	Foreigner	Hot Blooded	12-06-2012	-	-	-	-	-
Foreigner - I Want To Know What Love Is.gp	Foreigner	I Want To Know What Love Is	10-04-2025	-	-	-	-	-
Foreigner - Juke Box Hero.gp	Foreigner	Juke Box Hero	11-04-2025	-	-	-	-	-
Foster The People - Pumped Up Kicks.gp	Foster The People	Pumped Up Kicks	04-26-2026	-	-	-	-	-
France Gall - Poupe De Cire Poupe De Son.gp	France Gall	Poupe De Cire Poupe De Son	12-16-2021	-	-	-	-	-
Francis Cabrel - Encore Et Encore.gp	Francis Cabrel	Encore Et Encore	11-10-2025	-	-	-	-	-
Francis Cabrel - Hors-Saison.gp	Francis Cabrel	Hors-Saison	11-17-2009	-	-	-	-	-
Francis Cabrel - Je L'aime À Mourir.gp	Francis Cabrel	Je L'aime À Mourir	01-13-2025	-	-	-	-	-
Francis Cabrel - L'Encre De Tes Yeux.gp	Francis Cabrel	L'Encre De Tes Yeux	05-29-2023	-	-	-	-	-
Francis Cabrel - La Corrida.gp	Francis Cabrel	La Corrida	04-02-2026	-	-	-	-	-
Francis Cabrel - Petite Marie.gp	Francis Cabrel	Petite Marie	01-17-2024	-	-	-	-	-
Frank Zappa - Watermelon In Easter Hay.gp	Frank Zappa	Watermelon In Easter Hay	03-30-2026	-	-	-	-	-
Franz Ferdinand - Do You Want To.gp	Franz Ferdinand	Do You Want To	04-28-2026	-	-	-	-	-
Franz Ferdinand - Take Me Out.gp	Franz Ferdinand	Take Me Out	03-24-2026	-	-	-	-	-
Freddie King - Hideaway.gp	Freddie King	Hideaway	04-18-2026	-	-	-	-	-
Freddie King - I'm Tore Down.gp	Freddie King	I'm Tore Down	03-30-2026	-	-	-	-	-
Freddie King - The Stumble.gp	Freddie King	The Stumble	12-25-2024	-	-	-	-	-
Free - All Right Now.gp	Free	All Right Now	09-09-2025	-	-	-	-	-
Free - Fire And Water.gp	Free	Fire And Water	09-23-2015	-	-	-	-	-
Free - Wishing Well.gp	Free	Wishing Well	05-06-2025	-	-	-	-	-
Garbage - Only Happy When It Rains.gp	Garbage	Only Happy When It Rains	08-12-2025	-	-	-	-	-
Garbage - Stupid Girl.gp	Garbage	Stupid Girl	08-22-2025	-	-	-	-	-
Gary Clark Jr. - Bright Lights.gp	Gary Clark Jr.	Bright Lights	11-22-2025	-	-	-	-	-
Gary Clark Jr. - this land.gp	Gary Clark Jr.	this land	05-08-2025	-	-	-	-	-
Gary Clark Jr. - When My Train Pulls In (Live).gp	Gary Clark Jr.	When My Train Pulls In (Live)	06-30-2025	-	-	-	-	-
Gary Moore - Out In The Fields.gp	Gary Moore	Out In The Fields	10-28-2025	-	-	-	-	-
Gary Moore - Parisienne Walkways.gp	Gary Moore	Parisienne Walkways	02-06-2026	-	-	-	-	-
Gary Moore - Still Got The Blues.gp	Gary Moore	Still Got The Blues	10-12-2025	-	-	-	-	-
Gary Moore - The Loner.gp	Gary Moore	The Loner	08-25-2025	-	-	-	-	-
Genesis - Follow You Follow Me.gp	Genesis	Follow You Follow Me	05-13-2026	-	-	-	-	-
Genesis - I Can't Dance.gp	Genesis	I Can't Dance	09-13-2025	-	-	-	-	-
Genesis - Invisible Touch.gp	Genesis	Invisible Touch	02-26-2026	-	-	-	-	-
Genesis - Land Of Confusion.gp	Genesis	Land Of Confusion	10-10-2025	-	-	-	-	-
Genesis - Mama.gp	Genesis	Mama	12-26-2008	-	-	-	-	-
Genesis - That's All.gp	Genesis	That's All	03-02-2026	-	-	-	-	-
George Harrison - Got My Mind Set On You.gp	George Harrison	Got My Mind Set On You	11-19-2025	-	-	-	-	-
George Harrison - My Sweet Lord.gp	George Harrison	My Sweet Lord	04-15-2026	-	-	-	-	-
George Thorogood & The Destroyers - Bad To The Bone.gp	George Thorogood & The Destroyers	Bad To The Bone	04-29-2026	-	-	-	-	-
Georges Brassens - Chanson Pour L'auvergnat.gp	Georges Brassens	Chanson Pour L'auvergnat	05-26-2023	-	-	-	-	-
Georges Brassens - Les copains d'abord.gp	Georges Brassens	Les copains d'abord	11-19-2009	-	-	-	-	-
Gerry Rafferty - Baker Street.gp	Gerry Rafferty	Baker Street	10-31-2025	-	-	-	-	-
Gin Blossoms - Found Out About You.gp	Gin Blossoms	Found Out About You	06-20-2025	-	-	-	-	-
Gin Blossoms - Hey Jealousy.gp	Gin Blossoms	Hey Jealousy	03-03-2026	-	-	-	-	-
Glass Animals - Gooey.gp	Glass Animals	Gooey	03-26-2025	-	-	-	-	-
Glass Animals - Heat Waves.gp	Glass Animals	Heat Waves	10-18-2025	-	-	-	-	-
Glass Animals - Youth (Official Instrumental).gp	Glass Animals	Youth (Official Instrumental)	08-01-2025	-	-	-	-	-
Golden Earring - Radar Love.gp	Golden Earring	Radar Love	11-12-2025	-	-	-	-	-
Golden Earring - Twilight Zone (Radio Edit).gp	Golden Earring	Twilight Zone (Radio Edit)	04-10-2026	-	-	-	-	-
Goo Goo Dolls - Iris.gp	Goo Goo Dolls	Iris	04-18-2026	1998	Rock	Acoustique	AMP unknown	8bc576da-382c-40ff-9f8c-7a595bc2d38f
Goo Goo Dolls - Name.gp	Goo Goo Dolls	Name	02-24-2026	-	-	-	-	-
Good Charlotte - Lifestyles Of The Rich And The Famous.gp	Good Charlotte	Lifestyles Of The Rich And The Famous	04-16-2026	-	-	-	-	-
Gordon Lightfoot - If You Could Read My Mind.gp	Gordon Lightfoot	If You Could Read My Mind	10-12-2024	-	-	-	-	-
Gorillaz - Feel Good Inc..gp	Gorillaz	Feel Good Inc.	12-19-2025	-	-	-	-	-
Grand Funk Railroad - I'm Your Captain (Closer to Home).gp	Grand Funk Railroad	I'm Your Captain (Closer to Home)	10-03-2025	-	-	-	-	-
Grand Funk Railroad - We're An American Band.gp	Grand Funk Railroad	We're An American Band	04-25-2026	-	-	-	-	-
Grateful Dead - Truckin'.gp	Grateful Dead	Truckin'	02-18-2009	-	-	-	-	-
Great White - Once Bitten Twice Shy.gp	Great White	Once Bitten Twice Shy	08-08-2025	-	-	-	-	-
Green Day - 21 Guns.gp	Green Day	21 Guns	05-01-2026	-	-	-	-	-
Green Day - American Idiot.gp	Green Day	American Idiot	04-29-2026	-	-	-	-	-
Green Day - Basket Case.gp	Green Day	Basket Case	01-28-2026	-	-	-	-	-
Green Day - Boulevard Of Broken Dreams.gp	Green Day	Boulevard Of Broken Dreams	03-05-2026	-	-	-	-	-
Green Day - Holiday.gp	Green Day	Holiday	12-18-2025	-	-	-	-	-
Green Day - Wake Me Up When September Ends.gp	Green Day	Wake Me Up When September Ends	04-25-2026	-	-	-	-	-
Green Day - When I Come Around.gp	Green Day	When I Come Around	02-11-2026	-	-	-	-	-
Greta Van Fleet - Black Smoke Rising.gp	Greta Van Fleet	Black Smoke Rising	04-24-2026	-	-	-	-	-
Greta Van Fleet - Flower Power.gp	Greta Van Fleet	Flower Power	03-18-2024	-	-	-	-	-
Greta Van Fleet - Highway Tune.gp	Greta Van Fleet	Highway Tune	04-23-2026	-	-	-	-	-
Greta Van Fleet - Safari Song.gp	Greta Van Fleet	Safari Song	05-11-2025	-	-	-	-	-
Greta Van Fleet - When The Curtain Falls.gp	Greta Van Fleet	When The Curtain Falls	04-24-2026	-	-	-	-	-
Guns N' Roses - Don't Cry.gp	Guns N' Roses	Don't Cry	10-30-2025	-	-	-	-	-
Guns N' Roses - Nightrain.gp	Guns N' Roses	Nightrain	04-16-2026	-	-	-	-	-
Guns N' Roses - November Rain.gp	Guns N' Roses	November Rain	12-30-2025	-	-	-	-	-
Guns N' Roses - Paradise City.gp	Guns N' Roses	Paradise City	03-31-2026	-	-	-	-	-
Guns N' Roses - Sweet Child O' Mine.gp	Guns N' Roses	Sweet Child O' Mine	01-03-2026	-	-	-	-	-
Guns N' Roses - Welcome To The Jungle.gp	Guns N' Roses	Welcome To The Jungle	08-31-2025	-	-	-	-	-
Harry Chapin - Cats In The Cradle (Acoustic Version).gp	Harry Chapin	Cats In The Cradle (Acoustic Version)	11-14-2025	-	-	-	-	-
Harry Styles - Watermelon Sugar.gp	Harry Styles	Watermelon Sugar	06-18-2023	-	-	-	-	-
Heart - Barracuda.gp	Heart	Barracuda	01-20-2026	1977	Rock	Fender Strat Player II (SSS)	AMP UK 45/Drive	e4cd0ea0-d7e3-49da-b024-1b72fd358c50
Heart - Crazy On You.gp	Heart	Crazy On You	03-29-2026	-	-	-	-	-
Heart - Magic Man.gp	Heart	Magic Man	03-31-2026	-	-	-	-	-
Hole - Doll Parts.gp	Hole	Doll Parts	04-24-2026	-	-	-	-	-
Hootie And The Blowfish - Hold My Hand.gp	Hootie And The Blowfish	Hold My Hand	07-17-2024	-	-	-	-	-
Hootie And The Blowfish - Only Wanna Be With You.gp	Hootie And The Blowfish	Only Wanna Be With You	08-26-2025	-	-	-	-	-
Hoshi - Ta Marinière.gp	Hoshi	Ta Marinière	07-01-2022	-	-	-	-	-
Howlin' Wolf - Back Door Man.gp	Howlin' Wolf	Back Door Man	04-20-2025	-	-	-	-	-
Howlin' Wolf - Smokestack Lightning.gp	Howlin' Wolf	Smokestack Lightning	04-27-2026	-	-	-	-	-
Howlin' Wolf - Spoonful.gp	Howlin' Wolf	Spoonful	11-23-2024	-	-	-	-	-
Hozier - Eat Your Young.gp	Hozier	Eat Your Young	07-22-2024	-	-	-	-	-
Hozier - Jackie and Wilson (guitar).gp	Hozier	Jackie and Wilson (guitar)	03-07-2025	-	-	-	-	-
Hozier - Like Real People Do.gp	Hozier	Like Real People Do	12-21-2025	-	-	-	-	-
Hozier - Take Me To Church.gp	Hozier	Take Me To Church	05-06-2025	-	Soul|Blues|Rock	Gibson SG	AMP unknown	5b32dc15-30df-4979-8e5a-d844f674c3ae
Hozier - Work Song.gp	Hozier	Work Song	06-30-2025	-	-	-	-	-
Hugues Aufray - Santiano.gp	Hugues Aufray	Santiano	06-19-2023	-	-	-	-	-
Humble Pie - 30 Days In The Hole.gp	Humble Pie	30 Days In The Hole	02-19-2022	-	-	-	-	-
Iggy Pop - Lust For Life.gp	Iggy Pop	Lust For Life	06-17-2025	-	-	-	-	-
Iggy Pop - The Passenger.gp	Iggy Pop	The Passenger	01-21-2026	-	-	-	-	-
Imagine Dragons - Believer.gp	Imagine Dragons	Believer	01-12-2026	-	-	-	-	-
Imagine Dragons - Thunder.gp	Imagine Dragons	Thunder	12-01-2019	-	-	-	-	-
Incubus - Drive.gp	Incubus	Drive	05-04-2026	-	-	-	-	-
Incubus - Wish You Were Here.gp	Incubus	Wish You Were Here	03-07-2026	-	-	-	-	-
Indila - Dernière Danse.gp	Indila	Dernière Danse	04-14-2025	-	-	-	-	-
Indochine - 3e Sexe.gp	Indochine	3e Sexe	12-31-2008	-	-	-	-	-
Indochine - College boy.gp	Indochine	College boy	05-22-2024	-	-	-	-	-
Indochine - J'ai demandé à la lune.gp	Indochine	J'ai demandé à la lune	12-21-2022	-	-	-	-	-
Indochine - Karma girls.gp	Indochine	Karma girls	12-23-2024	-	-	-	-	-
Indochine - Le Baiser.gp	Indochine	Le Baiser	12-31-2008	-	-	-	-	-
Indochine - Le Grand Secret.gp	Indochine	Le Grand Secret	12-31-2008	-	-	-	-	-
Indochine - L’aventurier (Live).gp	Indochine	L’aventurier (Live)	06-02-2023	-	-	-	-	-
Indochine - Paradize.gp	Indochine	Paradize	01-07-2025	-	-	-	-	-
Indochine - Pink Water 3.gp	Indochine	Pink Water 3	10-26-2024	-	-	-	-	-
Indochine - Tes Yeux Noirs.gp	Indochine	Tes Yeux Noirs	08-04-2009	-	-	-	-	-
Indochine - Trois Nuits Par Semaine.gp	Indochine	Trois Nuits Par Semaine	04-20-2023	-	-	-	-	-
Interpol - Obstacle 1.gp	Interpol	Obstacle 1	04-22-2026	-	-	-	-	-
Interpol - Slow Hands.gp	Interpol	Slow Hands	04-28-2025	-	-	-	-	-
INXS - Need You Tonight.gp	INXS	Need You Tonight	11-12-2025	-	-	-	-	-
INXS - New sensation.gp	INXS	New sensation	05-20-2024	-	-	-	-	-
INXS - Original Sin.gp	INXS	Original Sin	07-09-2025	-	-	-	-	-
INXS - Suicide Blonde.gp	INXS	Suicide Blonde	04-15-2025	-	-	-	-	-
Iron And Wine - Such Great Heights.gp	Iron And Wine	Such Great Heights	11-26-2009	-	-	-	-	-
Iron Maiden - 2 Minutes To Midnight.gp	Iron Maiden	2 Minutes To Midnight	04-22-2026	-	-	-	-	-
Iron Maiden - Aces High.gp	Iron Maiden	Aces High	04-30-2026	-	-	-	-	-
Iron Maiden - Die With Your Boots On.gp	Iron Maiden	Die With Your Boots On	02-14-2026	-	-	-	-	-
Iron Maiden - Fear Of The Dark.gp	Iron Maiden	Fear Of The Dark	04-21-2026	-	-	-	-	-
Iron Maiden - Flight Of Icarus.gp	Iron Maiden	Flight Of Icarus	04-01-2026	-	-	-	-	-
Iron Maiden - Hallowed Be Thy Name.gp	Iron Maiden	Hallowed Be Thy Name	03-23-2026	-	-	-	-	-
Iron Maiden - Killers.gp	Iron Maiden	Killers	04-26-2026	-	-	-	-	-
Iron Maiden - Phantom Of The Opera.gp	Iron Maiden	Phantom Of The Opera	04-30-2026	-	-	-	-	-
Iron Maiden - Powerslave.gp	Iron Maiden	Powerslave	03-25-2026	-	-	-	-	-
Iron Maiden - Run To The Hills.gp	Iron Maiden	Run To The Hills	04-17-2026	-	-	-	-	-
Iron Maiden - The Evil That Men Do.gp	Iron Maiden	The Evil That Men Do	04-19-2026	-	-	-	-	-
Iron Maiden - The Number Of The Beast.gp	Iron Maiden	The Number Of The Beast	04-06-2026	-	-	-	-	-
Iron Maiden - The Trooper.gp	Iron Maiden	The Trooper	12-29-2025	-	-	-	-	-
Iron Maiden - Wasted Years.gp	Iron Maiden	Wasted Years	03-22-2026	-	-	-	-	-
Isaac Hayes - Theme From Shaft.gp	Isaac Hayes	Theme From Shaft	11-11-2025	-	-	-	-	-
Jack Johnson - Banana Pancakes.gp	Jack Johnson	Banana Pancakes	04-07-2026	-	-	-	-	-
Jack Johnson - Better Together.gp	Jack Johnson	Better Together	04-07-2026	-	-	-	-	-
Jack White - Lazaretto.gp	Jack White	Lazaretto	11-27-2015	-	-	-	-	-
Jackson 5 - I Want You Back.gp	Jackson 5	I Want You Back	03-13-2026	-	-	-	-	-
Jackson Browne - Doctor My Eyes.gp	Jackson Browne	Doctor My Eyes	08-27-2009	-	-	-	-	-
Jackson Browne - Running On Empty.gp	Jackson Browne	Running On Empty	07-21-2024	-	-	-	-	-
Jacques Brel - Amsterdam.gp	Jacques Brel	Amsterdam	09-20-2024	-	-	-	-	-
Jacques Brel - Ne Me Quitte Pas.gp	Jacques Brel	Ne Me Quitte Pas	12-25-2008	-	-	-	-	-
Jacques Dutronc - Et Moi Et Moi Et Moi.gp	Jacques Dutronc	Et Moi Et Moi Et Moi	10-21-2016	-	-	-	-	-
Jacques Dutronc - Les Cactus.gp	Jacques Dutronc	Les Cactus	11-26-2009	-	-	-	-	-
Jacques Higelin - Tombé du ciel 2.gp	Jacques Higelin	Tombé du ciel 2	07-16-2025	-	-	-	-	-
Jam Band - Paranoid Android.gp	Jam Band	Paranoid Android	10-05-2022	-	-	-	-	-
James Bay - Hold Back The River.gp	James Bay	Hold Back The River	09-16-2015	-	-	-	-	-
James Blunt - You're Beautiful.gp	James Blunt	You're Beautiful	03-04-2026	-	-	-	-	-
James Brown - Get Up (I Feel Like Being A) Sex Machine.gp	James Brown	Get Up (I Feel Like Being A) Sex Machine	09-21-2025	-	-	-	-	-
James Brown - I Got You I Feel Good.gp	James Brown	I Got You I Feel Good	12-03-2024	-	-	-	-	-
James Taylor - Fire And Rain.gp	James Taylor	Fire And Rain	08-31-2024	-	-	-	-	-
James Taylor - Sweet Baby James.gp	James Taylor	Sweet Baby James	02-02-2009	-	-	-	-	-
James Taylor - You've Got A Friend.gp	James Taylor	You've Got A Friend	09-29-2023	-	-	-	-	-
Jason Mraz - I'm Yours.gp	Jason Mraz	I'm Yours	03-26-2025	-	-	-	-	-
Jean Ferrat - La montagne.gp	Jean Ferrat	La montagne	10-24-2025	-	-	-	-	-
Jean-Jacques Goldman - Comme Toi.gp	Jean-Jacques Goldman	Comme Toi	11-26-2009	-	-	-	-	-
Jean-Jacques Goldman - Envole-moi.gp	Jean-Jacques Goldman	Envole-moi	01-22-2026	-	-	-	-	-
Jean-Jacques Goldman - Là-bas.gp	Jean-Jacques Goldman	Là-bas	11-26-2009	-	-	-	-	-
Jean-Jacques Goldman - Quand La Musique Est Bonne.gp	Jean-Jacques Goldman	Quand La Musique Est Bonne	11-11-2025	-	-	-	-	-
Jeff Beck - Hi Ho Silver Lining.gp	Jeff Beck	Hi Ho Silver Lining	12-27-2025	-	-	-	-	-
Jeff Buckley - Hallelujah.gp	Jeff Buckley	Hallelujah	12-24-2024	-	-	-	-	-
Jefferson Airplane - White Rabbit.gp	Jefferson Airplane	White Rabbit	01-29-2026	-	-	-	-	-
Jet - Are You Gonna Be My Girl.gp	Jet	Are You Gonna Be My Girl	01-06-2026	-	-	-	-	-
Jet - Get Me Outta Here.gp	Jet	Get Me Outta Here	08-13-2023	-	-	-	-	-
Jet - Look What You've Done.gp	Jet	Look What You've Done	02-18-2009	-	-	-	-	-
Jethro Tull - Aqualung.gp	Jethro Tull	Aqualung	11-11-2025	-	-	-	-	-
Jethro Tull - Locomotive Breath.gp	Jethro Tull	Locomotive Breath	08-20-2024	-	-	-	-	-
Jimi Hendrix - All Along The Watchtower.gp	Jimi Hendrix	All Along The Watchtower	10-20-2025	1968	Rock	Fender Strat Player II (SSS)	AMP UK 45/Drive	42cd3d0f-571d-4456-9144-3f2b9ad87bda
Jimi Hendrix - Angel.gp	Jimi Hendrix	Angel	02-07-2026	-	-	-	-	-
Jimi Hendrix - Castles Made Of Sand.gp	Jimi Hendrix	Castles Made Of Sand	10-13-2025	-	-	-	-	-
Jimi Hendrix - Crosstown Traffic.gp	Jimi Hendrix	Crosstown Traffic	05-01-2020	-	-	-	-	-
Jimi Hendrix - Fire.gp	Jimi Hendrix	Fire	04-28-2025	-	-	-	-	-
Jimi Hendrix - Hey Joe.gp	Jimi Hendrix	Hey Joe	12-17-2025	-	-	-	-	-
Jimi Hendrix - Hey Joe For Beginner.gp	Jimi Hendrix	Hey Joe For Beginner	12-31-2017	-	-	-	-	-
Jimi Hendrix - Manic Depression.gp	Jimi Hendrix	Manic Depression	01-14-2026	-	-	-	-	-
Jimi Hendrix - Night Bird Flying.gp	Jimi Hendrix	Night Bird Flying	05-04-2011	-	-	-	-	-
Jimi Hendrix - Purple Haze.gp	Jimi Hendrix	Purple Haze	12-31-2025	1967	Rock	Fender Strat Player II (SSS)	AMP UK 45/Drive	58e3ec36-6fa9-4472-a41b-cb293be55554
Jimi Hendrix - Red House.gp	Jimi Hendrix	Red House	01-01-2026	-	-	-	-	-
Jimi Hendrix - Voodoo Chile.gp	Jimi Hendrix	Voodoo Chile	10-27-2024	-	-	-	-	-
Jimmy Eat World - The Middle.gp	Jimmy Eat World	The Middle	03-10-2026	2001	Rock	Les deux	AMP Foxy 30TB/Drive	3d2440d3-96f9-4c20-9b8c-f0553b877d58
Jimmy Reed - Big Boss Man.gp	Jimmy Reed	Big Boss Man	08-10-2025	-	-	-	-	-
Joan Baez - Diamonds And Rust.gp	Joan Baez	Diamonds And Rust	05-23-2023	-	-	-	-	-
Joan Jett - Bad Reputation.gp	Joan Jett	Bad Reputation	12-11-2023	-	-	-	-	-
Joan Jett And The Blackhearts - I Love Rock 'n' Roll.gp	Joan Jett And The Blackhearts	I Love Rock 'n' Roll	03-18-2026	1981	Rock	Gibson SG	AMP US Dream/Drive	9e3ef376-d7ec-413c-ae39-fa8220e9202b
Joe Bonamassa - Different Shades Of Blue.gp	Joe Bonamassa	Different Shades Of Blue	08-17-2024	-	-	-	-	-
Joe Bonamassa - Sloe Gin (Live).gp	Joe Bonamassa	Sloe Gin (Live)	03-23-2024	-	-	-	-	-
Joe Cocker - Feelin' Alright.gp	Joe Cocker	Feelin' Alright	05-25-2010	-	-	-	-	-
Joe Cocker - With A Little Help From My Friends.gp	Joe Cocker	With A Little Help From My Friends	09-06-2025	-	-	-	-	-
Joe Dassin - Et si tu n'existais pas.gp	Joe Dassin	Et si tu n'existais pas	06-22-2023	-	-	-	-	-
Joe Dassin - Les Champs-Elysées.gp	Joe Dassin	Les Champs-Elysées	08-03-2010	-	-	-	-	-
Joe Satriani - Always With Me, Always With You.gp	Joe Satriani	Always With Me, Always With You - 04-26-2026 2	-	-	-	-	-	-
Joe Satriani - Crystal Planet.gp	Joe Satriani	Crystal Planet	04-24-2026	-	-	-	-	-
Joe Satriani - Satch Boogie.gp	Joe Satriani	Satch Boogie	01-15-2026	-	-	-	-	-
Joe Satriani - Summer Song.gp	Joe Satriani	Summer Song	03-03-2026	-	-	-	-	-
Joe Satriani - Surfing With The Alien.gp	Joe Satriani	Surfing With The Alien	04-11-2026	-	-	-	-	-
Joe Walsh - Life's Been Good.gp	Joe Walsh	Life's Been Good	05-02-2026	-	-	-	-	-
Joe Walsh - Rocky Mountain Way.gp	Joe Walsh	Rocky Mountain Way	07-15-2025	-	-	-	-	-
John Cougar Mellencamp - Hurt So Good.gp	John Cougar Mellencamp	Hurt So Good	01-07-2025	-	-	-	-	-
John Denver - Annie's Song.gp	John Denver	Annie's Song	02-05-2026	-	-	-	-	-
John Denver - Rocky Mountain High.gp	John Denver	Rocky Mountain High	04-28-2023	-	-	-	-	-
John Denver - Take Me Home, Country Roads.gp	John Denver	Take Me Home, Country Roads	04-20-2026	1971	Country|Folk	Acoustique	-	a0f1592a-bc72-48d9-8dfc-e1f201ffc2bb
John Lee Hooker - Boom Boom.gp	John Lee Hooker	Boom Boom	06-21-2025	1952	Blues	Gibson SG	AMP TWD 59B/Drive	b3cc7eec-8344-4d0a-bde8-3b0b0b0846d2
John Lennon - Imagine.gp	John Lennon	Imagine	02-08-2026	-	-	-	-	-
John Mayer - Daughters.gp	John Mayer	Daughters	03-12-2024	-	-	-	-	-
John Mayer - Gravity.gp	John Mayer	Gravity	04-03-2026	-	-	-	-	-
John Mayer - No Such Thing.gp	John Mayer	No Such Thing	10-02-2013	-	-	-	-	-
John Mayer - Slow Dancing In A Burning Room.gp	John Mayer	Slow Dancing In A Burning Room	05-02-2026	-	-	-	-	-
John Mayer - Waiting On The World To Change.gp	John Mayer	Waiting On The World To Change	12-19-2025	-	-	-	-	-
John Mayer - Why Georgia.gp	John Mayer	Why Georgia	02-18-2009	-	-	-	-	-
John Mayer - Your Body is a Wonderland.gp	John Mayer	Your Body is a Wonderland	02-18-2009	-	-	-	-	-
John Mellencamp - Jack And Diane.gp	John Mellencamp	Jack And Diane	03-19-2026	-	-	-	-	-
John Mellencamp - Pink Houses.gp	John Mellencamp	Pink Houses	01-10-2009	-	-	-	-	-
Johnny Cash - Folsom Prison Blues.gp	Johnny Cash	Folsom Prison Blues	09-16-2025	-	-	-	-	-
Johnny Cash - Hurt.gp	Johnny Cash	Hurt	11-13-2025	-	-	-	-	-
Johnny Cash - Ring Of Fire (1987 Version).gp	Johnny Cash	Ring Of Fire (1987 Version)	03-02-2026	-	-	-	-	-
Johnny Hallyday - Allumer Le Feu.gp	Johnny Hallyday	Allumer Le Feu	06-06-2023	-	-	-	-	-
Joni Mitchell - Big Yellow Taxi.gp	Joni Mitchell	Big Yellow Taxi	01-10-2009	-	-	-	-	-
Joni Mitchell - Both Sides Now.gp	Joni Mitchell	Both Sides Now	09-20-2024	-	-	-	-	-
José González - Heartbeats.gp	José González	Heartbeats	02-12-2025	-	-	-	-	-
Journey - Any Way You Want It.gp	Journey	Any Way You Want It	03-02-2026	-	-	-	-	-
Journey - Don't Stop Believin'.gp	Journey	Don't Stop Believin'	03-06-2026	-	-	-	-	-
Journey - Faithfully.gp	Journey	Faithfully	01-15-2026	-	-	-	-	-
Journey - Separate Ways (Worlds Apart).gp	Journey	Separate Ways (Worlds Apart)	04-24-2026	-	-	-	-	-
Journey - Wheel In The Sky.gp	Journey	Wheel In The Sky	04-12-2026	-	-	-	-	-
Joy Division - Love Will Tear Us Apart.gp	Joy Division	Love Will Tear Us Apart	03-21-2026	-	-	-	-	-
Judas Priest - Breaking The Law.gp	Judas Priest	Breaking The Law	03-19-2026	-	-	-	-	-
Judas Priest - Living After Midnight.gp	Judas Priest	Living After Midnight	01-30-2026	-	-	-	-	-
Judas Priest - Painkiller.gp	Judas Priest	Painkiller	04-23-2026	-	-	-	-	-
Judas Priest - Screaming For Vengeance.gp	Judas Priest	Screaming For Vengeance	01-03-2026	-	-	-	-	-
Judas Priest - The Hellion.gp	Judas Priest	The Hellion	10-27-2016	-	-	-	-	-
Judas Priest - You've Got Another Thing Comin'.gp	Judas Priest	You've Got Another Thing Comin'	04-25-2026	-	-	-	-	-
Kansas - Carry On Wayward Son.gp	Kansas	Carry On Wayward Son	12-04-2025	-	-	-	-	-
Kansas - Dust In The Wind.gp	Kansas	Dust In The Wind	04-17-2026	-	-	-	-	-
Kansas - Point Of Know Return.gp	Kansas	Point Of Know Return	01-06-2009	-	-	-	-	-
Kasabian - Club Foot.gp	Kasabian	Club Foot	11-07-2025	-	-	-	-	-
Kasabian - Fire.gp	Kasabian	Fire	06-11-2025	-	-	-	-	-
Kasabian - LSF.gp	Kasabian	LSF	02-02-2024	-	-	-	-	-
Killing Joke - Eighties.gp	Killing Joke	Eighties	04-14-2026	-	-	-	-	-
Killswitch Engage - The End Of Heartache.gp	Killswitch Engage	The End Of Heartache	04-09-2026	-	-	-	-	-
King Crimson - 21st Century Schizoid Man.gp	King Crimson	21st Century Schizoid Man	03-05-2026	-	-	-	-	-
Kings Of Leon - Closer.gp	Kings Of Leon	Closer	02-21-2011	-	-	-	-	-
Kings Of Leon - Molly's Chambers.gp	Kings Of Leon	Molly's Chambers	04-15-2026	-	-	-	-	-
Kings Of Leon - Sex On Fire.gp	Kings Of Leon	Sex On Fire	03-23-2026	-	-	-	-	-
Kings Of Leon - Use Somebody.gp	Kings Of Leon	Use Somebody	01-29-2026	-	-	-	-	-
KISS - Detroit Rock City (Double Platinum).gp	KISS	Detroit Rock City (Double Platinum)	02-10-2026	-	-	-	-	-
KISS - Rock And Roll All Nite.gp	KISS	Rock And Roll All Nite	04-01-2026	-	-	-	-	-
Kool & The Gang - Celebration.gp	Kool & The Gang	Celebration	02-23-2026	-	-	-	-	-
Korn - Blind.gp	Korn	Blind	04-26-2026	-	-	-	-	-
Korn - Freak On A Leash.gp	Korn	Freak On A Leash	04-14-2026	-	-	-	-	-
Korn - Got The Life (2).gp	Korn	Got The Life (2)	01-19-2017	-	-	-	-	-
Lamb Of God - Laid To Rest.gp	Lamb Of God	Laid To Rest	04-01-2026	-	-	-	-	-
Laurent Voulzy - Belle-Île-en-Mer.gp	Laurent Voulzy	Belle-Île-en-Mer	02-04-2009	-	-	-	-	-
Laurent Voulzy - Rockollection.gp	Laurent Voulzy	Rockollection	08-21-2024	-	-	-	-	-
Led Zeppelin - Achilles Last Stand.gp	Led Zeppelin	Achilles Last Stand	04-03-2026	-	-	-	-	-
Led Zeppelin - Black Dog.gp	Led Zeppelin	Black Dog	12-18-2025	-	-	-	-	-
Led Zeppelin - Bring It On Home.gp	Led Zeppelin	Bring It On Home	01-22-2026	-	-	-	-	-
Led Zeppelin - Communication Breakdown.gp	Led Zeppelin	Communication Breakdown	03-15-2026	-	-	-	-	-
Led Zeppelin - Dazed And Confused.gp	Led Zeppelin	Dazed And Confused	03-15-2026	-	-	-	-	-
Led Zeppelin - Gallows Pole.gp	Led Zeppelin	Gallows Pole	10-31-2024	-	-	-	-	-
Led Zeppelin - Going to California.gp	Led Zeppelin	Going to California	08-11-2025	-	-	-	-	-
Led Zeppelin - Good Times Bad Times.gp	Led Zeppelin	Good Times Bad Times	03-15-2026	-	-	-	-	-
Led Zeppelin - Heartbreaker.gp	Led Zeppelin	Heartbreaker	04-22-2026	-	-	-	-	-
Led Zeppelin - Immigrant Song.gp	Led Zeppelin	Immigrant Song	03-17-2026	-	-	-	-	-
Led Zeppelin - Kashmir.gp	Led Zeppelin	Kashmir	12-16-2025	-	-	-	-	-
Led Zeppelin - Misty Mountain Hop.gp	Led Zeppelin	Misty Mountain Hop	03-26-2026	-	-	-	-	-
Led Zeppelin - Over The Hills And Far Away.gp	Led Zeppelin	Over The Hills And Far Away	03-11-2026	-	-	-	-	-
Led Zeppelin - Ramble On.gp	Led Zeppelin	Ramble On	07-31-2024	-	-	-	-	-
Led Zeppelin - Rock And Roll.gp	Led Zeppelin	Rock And Roll	03-18-2026	-	-	-	-	-
Led Zeppelin - Since I've Been Loving You.gp	Led Zeppelin	Since I've Been Loving You	03-15-2026	-	-	-	-	-
Led Zeppelin - Stairway to Heaven.gp	Led Zeppelin	Stairway to Heaven	01-03-2026	-	-	-	-	-
Led Zeppelin - The Battle Of Evermore.gp	Led Zeppelin	The Battle Of Evermore	10-11-2023	-	-	-	-	-
Led Zeppelin - The Ocean.gp	Led Zeppelin	The Ocean	04-23-2026	-	-	-	-	-
Led Zeppelin - When The Levee Breaks.gp	Led Zeppelin	When The Levee Breaks	03-04-2026	-	-	-	-	-
Led Zeppelin - Whole Lotta Love.gp	Led Zeppelin	Whole Lotta Love	12-22-2025	1969	Rock	Gibson SG	AMP UK 45/Drive	f17ee9eb-bab5-4278-87c0-fa8cfa259331
Lenny Kravitz - Are You Gonna Go My Way.gp	Lenny Kravitz	Are You Gonna Go My Way	02-25-2026	-	-	-	-	-
Lenny Kravitz - Fly Away.gp	Lenny Kravitz	Fly Away	05-01-2026	-	-	-	-	-
Limp Bizkit - Rollin'.gp	Limp Bizkit	Rollin'	03-01-2026	-	-	-	-	-
Link Wray - Rumble.gp	Link Wray	Rumble	10-01-2024	-	-	-	-	-
Linkin Park - Crawling.gp	Linkin Park	Crawling	04-18-2026	-	-	-	-	-
Linkin Park - In The End.gp	Linkin Park	In The End	03-08-2026	2000	Rock	Gibson SG	AMP Modern/Drive	8e49b7bc-978e-4fc7-9f43-d643c103318e
Linkin Park - Numb.gp	Linkin Park	Numb	04-02-2026	-	-	-	-	-
Linkin Park - One Step Closer.gp	Linkin Park	One Step Closer	05-06-2026	-	-	-	-	-
Little Richard - Good Golly, Miss Molly.gp	Little Richard	Good Golly, Miss Molly	01-11-2026	-	-	-	-	-
Live - I Alone.gp	Live	I Alone	12-15-2025	-	-	-	-	-
Live - Lakini's Juice.gp	Live	Lakini's Juice	08-23-2024	-	-	-	-	-
Live - Lightning Crashes.gp	Live	Lightning Crashes	04-28-2025	-	-	-	-	-
Live - Selling The Drama.gp	Live	Selling The Drama	12-09-2025	-	-	-	-	-
Living Colour - Cult Of Personality.gp	Living Colour	Cult Of Personality	04-26-2026	-	-	-	-	-
Los Lobos - La Bamba.gp	Los Lobos	La Bamba	07-20-2025	-	-	-	-	-
Lou Reed - Perfect Day.gp	Lou Reed	Perfect Day	06-27-2023	-	-	-	-	-
Lou Reed - Walk On The Wild Side.gp	Lou Reed	Walk On The Wild Side	02-17-2026	-	-	-	-	-
Louise Attaque - J't'emmène au vent.gp	Louise Attaque	J't'emmène au vent	12-01-2025	-	-	-	-	-
Louise Attaque - Léa.gp	Louise Attaque	Léa	10-24-2016	-	-	-	-	-
Louise Attaque - Ton Invitation.gp	Louise Attaque	Ton Invitation	02-07-2026	-	-	-	-	-
Loverboy - Working For The Weekend.gp	Loverboy	Working For The Weekend	12-26-2025	-	-	-	-	-
Lovin' Spoonful - Summer In The City.gp	Lovin' Spoonful	Summer In The City	12-22-2025	-	-	-	-	-
Lumineers - Cleopatra.gp	Lumineers	Cleopatra	11-22-2024	-	-	-	-	-
Lumineers - Ho Hey.gp	Lumineers	Ho Hey	09-05-2025	-	-	-	-	-
Lynyrd Skynyrd - Call Me The Breeze.gp	Lynyrd Skynyrd	Call Me The Breeze	05-03-2026	-	-	-	-	-
Lynyrd Skynyrd - Gimme Three Steps.gp	Lynyrd Skynyrd	Gimme Three Steps	03-01-2026	-	-	-	-	-
Lynyrd Skynyrd - Saturday Night Special.gp	Lynyrd Skynyrd	Saturday Night Special	09-30-2023	-	-	-	-	-
Lynyrd Skynyrd - Simple Man.gp	Lynyrd Skynyrd	Simple Man	02-15-2026	-	-	-	-	-
Lynyrd Skynyrd - Sweet Home Alabama.gp	Lynyrd Skynyrd	Sweet Home Alabama	03-31-2026	-	-	-	-	-
Lynyrd Skynyrd - That Smell.gp	Lynyrd Skynyrd	That Smell	03-24-2026	-	-	-	-	-
Lynyrd Skynyrd - Tuesday's Gone.gp	Lynyrd Skynyrd	Tuesday's Gone	04-18-2026	-	-	-	-	-
Mano Negra - King Kong Five.gp	Mano Negra	King Kong Five	08-29-2024	-	-	-	-	-
Mano Negra - Mala Vida.gp	Mano Negra	Mala Vida	02-17-2026	-	-	-	-	-
Manu Chao - Bongo Bong.gp	Manu Chao	Bongo Bong	11-02-2016	-	-	-	-	-
Manu Chao - Clandestino.gp	Manu Chao	Clandestino	11-02-2016	-	-	-	-	-
Marilyn Manson - Sweet Dreams.gp	Marilyn Manson	Sweet Dreams	11-14-2025	-	-	-	-	-
Marilyn Manson - The Beautiful People.gp	Marilyn Manson	The Beautiful People	01-16-2026	-	-	-	-	-
Mark Farner - Some Kind Of Wonderful.gp	Mark Farner	Some Kind Of Wonderful	07-06-2024	-	-	-	-	-
Mark Knopfler - Going Home.gp	Mark Knopfler	Going Home	10-24-2016	-	-	-	-	-
Mark Knopfler - Postcards From Paraguay.gp	Mark Knopfler	Postcards From Paraguay	05-24-2025	-	-	-	-	-
Maroon 5 - She Will Be Loved.gp	Maroon 5	She Will Be Loved	03-21-2026	-	-	-	-	-
Maroon 5 - This Love.gp	Maroon 5	This Love	04-19-2026	-	-	-	-	-
Marshall Tucker Band - Can't You See.gp	Marshall Tucker Band	Can't You See	06-17-2025	-	-	-	-	-
Marvin Gaye - I Heard It Through The Grapevine.gp	Marvin Gaye	I Heard It Through The Grapevine	07-27-2024	-	-	-	-	-
Marvin Gaye - Let's Get It On.gp	Marvin Gaye	Let's Get It On	12-09-2009	-	-	-	-	-
Mastodon - Blood and Thunder.gp	Mastodon	Blood and Thunder	05-06-2026	-	-	-	-	-
Matchbox Twenty - 3 Am.gp	Matchbox Twenty	3 Am	12-25-2025	-	-	-	-	-
Matchbox Twenty - Push.gp	Matchbox Twenty	Push	04-04-2026	-	-	-	-	-
Mathieu Chedid - Je Dis Aime.gp	Mathieu Chedid	Je Dis Aime	12-09-2009	-	-	-	-	-
Mathieu Chedid - Mama Sam.gp	Mathieu Chedid	Mama Sam	06-21-2025	-	-	-	-	-
Maxime Le Forestier - San Francisco.gp	Maxime Le Forestier	San Francisco	01-30-2025	-	-	-	-	-
Maxime Leforestier - Né quelque part.gp	Maxime Leforestier	Né quelque part	08-18-2025	-	-	-	-	-
Mazzy Star - Fade Into You.gp	Mazzy Star	Fade Into You	01-29-2026	-	-	-	-	-
Megadeth - Hangar 18.gp	Megadeth	Hangar 18	04-14-2026	-	-	-	-	-
Megadeth - Holy Wars... The Punishment Due.gp	Megadeth	Holy Wars... The Punishment Due	01-03-2026	-	-	-	-	-
Megadeth - Peace Sells.gp	Megadeth	Peace Sells	04-14-2026	-	-	-	-	-
Megadeth - Sweating Bullets.gp	Megadeth	Sweating Bullets	04-24-2026	-	-	-	-	-
Megadeth - Symphony Of Destruction.gp	Megadeth	Symphony Of Destruction	12-20-2025	-	-	-	-	-
Megadeth - Tornado of Souls.gp	Megadeth	Tornado of Souls	01-05-2026	-	-	-	-	-
Megadeth - Trust.gp	Megadeth	Trust	04-17-2026	-	-	-	-	-
Metallica - Battery.gp	Metallica	Battery	04-08-2026	-	-	-	-	-
Metallica - Blackened.gp	Metallica	Blackened	03-24-2026	-	-	-	-	-
Metallica - Creeping Death.gp	Metallica	Creeping Death	12-29-2025	-	-	-	-	-
Metallica - Enter Sandman.gp	Metallica	Enter Sandman	02-15-2026	-	-	-	-	-
Metallica - Fade to Black.gp	Metallica	Fade to Black	12-23-2025	-	-	-	-	-
Metallica - For Whom The Bell Tolls.gp	Metallica	For Whom The Bell Tolls	01-02-2026	-	-	-	-	-
Metallica - Master of Puppets.gp	Metallica	Master of Puppets	01-03-2026	-	-	-	-	-
Metallica - Nothing Else Matters.gp	Metallica	Nothing Else Matters	04-16-2026	-	-	-	-	-
Metallica - One.gp	Metallica	One	12-11-2025	-	-	-	-	-
Metallica - Orion.gp	Metallica	Orion	12-24-2025	-	-	-	-	-
Metallica - Sad But True.gp	Metallica	Sad But True	12-28-2025	-	-	-	-	-
Metallica - Seek & Destroy.gp	Metallica	Seek & Destroy	12-23-2025	-	-	-	-	-
Metallica - The Unforgiven.gp	Metallica	The Unforgiven	12-30-2025	-	-	-	-	-
Metallica - Welcome Home (Sanitarium).gp	Metallica	Welcome Home (Sanitarium)	04-20-2026	-	-	-	-	-
Metallica - Whiskey In The Jar.gp	Metallica	Whiskey In The Jar	03-24-2026	-	-	-	-	-
MGMT - Electric Feel.gp	MGMT	Electric Feel	08-30-2025	-	-	-	-	-
MGMT - Kids.gp	MGMT	Kids	03-28-2026	-	-	-	-	-
Michael Jackson - Beat It.gp	Michael Jackson	Beat It	12-24-2025	1982	Rock	Fender Strat Player II (SSS)	AMP UK 50 JP/Drive	f330dc23-5c10-406c-a378-66c172ec3a12
Michael Schenker Group - Desert Song.gp	Michael Schenker Group	Desert Song	02-18-2009	-	-	-	-	-
Michel Polnareff - La Poupée Qui Fait Non.gp	Michel Polnareff	La Poupée Qui Fait Non	08-13-2010	-	-	-	-	-
Michel Polnareff - On Ira Tous Au Paradis.gp	Michel Polnareff	On Ira Tous Au Paradis	08-13-2010	-	-	-	-	-
Mickey 3D - Respire.gp	Mickey 3D	Respire	01-10-2009	-	-	-	-	-
Modest Mouse - Float On.gp	Modest Mouse	Float On	04-08-2026	-	-	-	-	-
Monos-Aznavour - La bohème.gp	Monos-Aznavour	La bohème	12-13-2021	-	-	-	-	-
Mott the Hoople - All The Young Dudes.gp	Mott the Hoople	All The Young Dudes	11-20-2023	-	-	-	-	-
Motörhead - Ace Of Spades.gp	Motörhead	Ace Of Spades	04-19-2026	-	-	-	-	-
Motörhead - Bomber.gp	Motörhead	Bomber	04-20-2026	-	-	-	-	-
Motörhead - Killed by Death '84.gp	Motörhead	Killed by Death '84	04-20-2026	-	-	-	-	-
Motörhead - Overkill.gp	Motörhead	Overkill	04-20-2026	-	-	-	-	-
Mountain - Mississippi Queen.gp	Mountain	Mississippi Queen	03-22-2026	-	-	-	-	-
Mountain - Never In My Life.gp	Mountain	Never In My Life	05-09-2026	-	-	-	-	-
Muddy Waters - Got My Mojo Working.gp	Muddy Waters	Got My Mojo Working	10-24-2016	-	-	-	-	-
Muddy Waters - Hoochie Coochie Man.gp	Muddy Waters	Hoochie Coochie Man	10-24-2016	-	-	-	-	-
Muddy Waters - Mannish Boy.gp	Muddy Waters	Mannish Boy	04-19-2026	-	-	-	-	-
Mumford & Sons - After The Storm.gp	Mumford & Sons	After The Storm	10-24-2016	-	-	-	-	-
Mumford & Sons - Little Lion Man.gp	Mumford & Sons	Little Lion Man	10-22-2025	2009	Folk	Fender Strat Player II (SSS)	AMP Folk/Clean	a4d7258d-4098-4363-b2c0-5ebd239d51a8
Mumford & Sons - The Cave.gp	Mumford & Sons	The Cave	02-06-2026	-	-	-	-	-
Mumford And Sons - I Will Wait.gp	Mumford And Sons	I Will Wait	08-21-2013	-	-	-	-	-
Muse - Hysteria.gp	Muse	Hysteria	12-08-2025	2003	Rock	Gibson SG	AMP unknown	604defa5-543a-423d-b491-b14a32d25110
Muse - Knights Of Cydonia.gp	Muse	Knights Of Cydonia	02-03-2026	-	-	-	-	-
Muse - Madness.gp	Muse	Madness	02-13-2026	-	-	-	-	-
Muse - Plug In Baby.gp	Muse	Plug In Baby	04-17-2026	-	-	-	-	-
Muse - Starlight.gp	Muse	Starlight	04-03-2026	-	-	-	-	-
Muse - Supermassive Black Hole.gp	Muse	Supermassive Black Hole	12-23-2025	-	-	-	-	-
Muse - Time Is Running Out.gp	Muse	Time Is Running Out	02-14-2026	2003	Rock	Gibson SG	AMP unknown/Drive	ce8ad6cb-3dad-4bd6-97ce-1481755495d7
Muse - Uprising.gp	Muse	Uprising	04-28-2026	-	-	-	-	-
My Bloody Valentine - Soon.gp	My Bloody Valentine	Soon	06-20-2024	-	-	-	-	-
My Chemical Romance - Helena.gp	My Chemical Romance	Helena	03-23-2026	-	-	-	-	-
My Chemical Romance - Welcome To The Black Parade.gp	My Chemical Romance	Welcome To The Black Parade	05-02-2026	-	-	-	-	-
Måneskin - Beggin'.gp	Måneskin	Beggin'	02-15-2026	2021	Rock	Fender Strat Player II (SSS)	AMP Modern/Drive	c4066ad9-fe6f-4473-aa31-95b90221549c
Måneskin - I WANNA BE YOUR SLAVE.gp	Måneskin	I WANNA BE YOUR SLAVE	12-23-2025	-	-	-	-	-
Måneskin - ZITTI E BUONI.gp	Måneskin	ZITTI E BUONI	04-21-2026	-	-	-	-	-
Mötley Crüe - Dr. Feelgood.gp	Mötley Crüe	Dr. Feelgood	01-30-2026	-	-	-	-	-
Mötley Crüe - Home Sweet Home.gp	Mötley Crüe	Home Sweet Home	04-24-2026	-	-	-	-	-
Mötley Crüe - Kickstart My Heart.gp	Mötley Crüe	Kickstart My Heart	03-18-2026	-	-	-	-	-
Natalie Imbruglia - Torn.gp	Natalie Imbruglia	Torn	03-10-2026	-	-	-	-	-
Nazareth - Hair Of The Dog.gp	Nazareth	Hair Of The Dog	02-19-2026	-	-	-	-	-
Neil Wicker - Shotgun (George Ezra).gp	Neil Wicker	Shotgun (George Ezra)	07-28-2018	-	-	-	-	-
Neil Young - Cinnamon Girl.gp	Neil Young	Cinnamon Girl	05-02-2026	-	-	-	-	-
Neil Young - Harvest Moon.gp	Neil Young	Harvest Moon	01-04-2026	-	-	-	-	-
Neil Young - Heart Of Gold.gp	Neil Young	Heart Of Gold	03-25-2026	-	-	-	-	-
Neil Young - Keep On Rockin' In The Free World.gp	Neil Young	Keep On Rockin' In The Free World	03-15-2025	-	-	-	-	-
Neil Young - Like A Hurricane.gp	Neil Young	Like A Hurricane	09-30-2025	-	-	-	-	-
Neil Young - Old Man.gp	Neil Young	Old Man	03-12-2026	-	-	-	-	-
New Order - Bizarre Love Triangle.gp	New Order	Bizarre Love Triangle	07-19-2024	-	-	-	-	-
New Order - True Faith.gp	New Order	True Faith	10-24-2016	-	-	-	-	-
Niall Horan - Heaven.gp	Niall Horan	Heaven	02-09-2026	-	-	-	-	-
Nick Drake - Pink Moon.gp	Nick Drake	Pink Moon	03-30-2023	-	-	-	-	-
Nickelback - How You Remind Me.gp	Nickelback	How You Remind Me	04-23-2026	-	-	-	-	-
Nickelback - Photograph.gp	Nickelback	Photograph	10-12-2025	-	-	-	-	-
Night Ranger - Sister Christian.gp	Night Ranger	Sister Christian	09-26-2025	-	-	-	-	-
Nine Inch Nails - Closer.gp	Nine Inch Nails	Closer	04-24-2026	-	-	-	-	-
Nine Inch Nails - The Hand That Feeds.gp	Nine Inch Nails	The Hand That Feeds	11-01-2025	-	-	-	-	-
Nirvana - About A Girl.gp	Nirvana	About A Girl	12-30-2025	1994	Rock	Acoustique	-	d21f7eac-f03e-481d-a6ad-c18a9ab1febc
Nirvana - All Apologies.gp	Nirvana	All Apologies	01-04-2026	-	-	-	-	-
Nirvana - Come As You Are.gp	Nirvana	Come As You Are	03-31-2026	-	-	-	-	-
Nirvana - Heart-Shaped Box.gp	Nirvana	Heart-Shaped Box	11-30-2025	-	-	-	-	-
Nirvana - In Bloom.gp	Nirvana	In Bloom	03-26-2026	-	-	-	-	-
Nirvana - Lithium.gp	Nirvana	Lithium	12-27-2025	-	-	-	-	-
Nirvana - Rape Me.gp	Nirvana	Rape Me	12-08-2025	-	-	-	-	-
Nirvana - Smells Like Teen Spirit.gp	Nirvana	Smells Like Teen Spirit	12-18-2025	1991	Rock	Fender Strat Player II (SSS)	AMP 90s Modern/Drive	4440dc7e-f853-4db2-a592-d7aa47103803
Nirvana - The Man Who Sold The World.gp	Nirvana	The Man Who Sold The World	12-14-2025	-	-	-	-	-
No Doubt - Don't Speak.gp	No Doubt	Don't Speak	03-30-2026	-	-	-	-	-
Noir Désir - Fin De Siècle.gp	Noir Désir	Fin De Siècle	08-17-2023	-	-	-	-	-
Noir Désir - L'homme Pressé.gp	Noir Désir	L'homme Pressé	01-22-2025	-	-	-	-	-
Noir Désir - Le Vent Nous Portera.gp	Noir Désir	Le Vent Nous Portera	03-31-2025	-	-	-	-	-
Noir Désir - Marlène.gp	Noir Désir	Marlène	10-06-2025	-	-	-	-	-
Noir Désir - Tostaky.gp	Noir Désir	Tostaky	04-02-2025	-	-	-	-	-
Oasis - Champagne Supernova.gp	Oasis	Champagne Supernova	05-03-2026	-	-	-	-	-
Oasis - Cigarettes & Alcohol.gp	Oasis	Cigarettes & Alcohol	04-03-2026	-	-	-	-	-
Oasis - Don't Look Back in Anger oasis.gp	Oasis	Don't Look Back in Anger oasis	04-27-2025	-	-	-	-	-
Oasis - Live Forever.gp	Oasis	Live Forever	05-13-2026	-	-	-	-	-
Oasis - Morning Glory.gp	Oasis	Morning Glory	05-02-2026	-	-	-	-	-
Oasis - Wonderwall.gp	Oasis	Wonderwall	04-16-2026	-	-	-	-	-
Of Monsters And Men - Little Talks.gp	Of Monsters And Men	Little Talks	10-13-2025	-	Rock|Folk	-	-	29d6729d-3bd0-42fa-ba19-d694643b6ce8
Of Monsters And Men - Mountain Sound (The Cabin Sessions).gp	Of Monsters And Men	Mountain Sound (The Cabin Sessions)	08-21-2025	-	-	-	-	-
Ohio Players - Fire.gp	Ohio Players	Fire	02-05-2026	-	-	-	-	-
Olivia Rodrigo - brutal.gp	Olivia Rodrigo	brutal	02-11-2025	-	-	-	-	-
Olivia Rodrigo - good 4 u.gp	Olivia Rodrigo	good 4 u	10-26-2025	-	-	-	-	-
Onerepublic - Counting Stars.gp	Onerepublic	Counting Stars	11-04-2025	-	-	-	-	-
Otis Redding - Sittin' On The Dock Of The Bay.gp	Otis Redding	Sittin' On The Dock Of The Bay	04-01-2026	-	-	-	-	-
Ozzy Osbourne - Bark at the Moon.gp	Ozzy Osbourne	Bark at the Moon	04-02-2026	-	-	-	-	-
Ozzy Osbourne - Crazy Train.gp	Ozzy Osbourne	Crazy Train	12-29-2025	1980	Rock	Gibson SG	AMP UK 50 JP/Drive	c6afc199-eeae-4f1e-91c6-cc1d6af11925
Ozzy Osbourne - Mr. Crowley.gp	Ozzy Osbourne	Mr. Crowley	05-12-2026	-	-	-	-	-
Ozzy Osbourne - No More Tears.gp	Ozzy Osbourne	No More Tears	04-21-2026	-	-	-	-	-
Panic! At The Disco - I Write Sins Not Tragedies.gp	Panic! At The Disco	I Write Sins Not Tragedies	04-27-2026	-	-	-	-	-
Pantera - Cemetery Gates.gp	Pantera	Cemetery Gates	04-17-2026	-	-	-	-	-
Pantera - Cowboys From Hell.gp	Pantera	Cowboys From Hell	12-28-2025	-	-	-	-	-
Pantera - Domination.gp	Pantera	Domination	03-30-2026	-	-	-	-	-
Pantera - Mouth For War (D standard).gp	Pantera	Mouth For War (D standard)	03-09-2025	-	-	-	-	-
Pantera - This Love.gp	Pantera	This Love	04-14-2026	-	-	-	-	-
Pantera - Walk.gp	Pantera	Walk	04-21-2026	-	-	-	-	-
Papa Roach - Last Resort.gp	Papa Roach	Last Resort	01-27-2026	-	-	-	-	-
Parliament - Give Up The Funk (Tear The Roof Off The Sucker).gp	Parliament	Give Up The Funk (Tear The Roof Off The Sucker)	02-07-2026	-	-	-	-	-
Passenger - Let Her Go.gp	Passenger	Let Her Go	03-27-2026	-	-	-	-	-
Pat Benatar - Heartbreaker.gp	Pat Benatar	Heartbreaker	04-11-2026	-	-	-	-	-
Pat Benatar - Hit Me With Your Best Shot.gp	Pat Benatar	Hit Me With Your Best Shot	11-11-2025	-	-	-	-	-
Pat Benatar - We Belong.gp	Pat Benatar	We Belong	11-23-2025	-	-	-	-	-
Pat Travers Band - Boom Boom (Out Go The Lights).gp	Pat Travers Band	Boom Boom (Out Go The Lights)	05-27-2025	-	-	-	-	-
Patricia Kaas - Mon mec à moi.gp	Patricia Kaas	Mon mec à moi	03-25-2026	-	-	-	-	-
Patrick Bruel - Casser La Voix.gp	Patrick Bruel	Casser La Voix	09-16-2025	-	-	-	-	-
Paul McCartney & Wings - Band On The Run.gp	Paul McCartney & Wings	Band On The Run	03-01-2026	-	-	-	-	-
Paul McCartney & Wings - Jet.gp	Paul McCartney & Wings	Jet	01-14-2026	-	-	-	-	-
Paul McCartney & Wings - Live and Let Die.gp	Paul McCartney & Wings	Live and Let Die	04-29-2026	-	-	-	-	-
Paul McCartney & Wings - Maybe I'm Amazed.gp	Paul McCartney & Wings	Maybe I'm Amazed	04-19-2026	-	-	-	-	-
Pearl Jam - Alive.gp	Pearl Jam	Alive	04-21-2026	-	-	-	-	-
Pearl Jam - Better Man.gp	Pearl Jam	Better Man	01-15-2026	-	-	-	-	-
Pearl Jam - Black.gp	Pearl Jam	Black	02-01-2026	1991	Rock	Les deux	AMP unknown	12e2fdab-1a2b-48b6-86ea-907b6fe2937d
Pearl Jam - Daughter.gp	Pearl Jam	Daughter	03-01-2026	-	-	-	-	-
Pearl Jam - Even Flow.gp	Pearl Jam	Even Flow	02-18-2026	-	-	-	-	-
Pearl Jam - Given To Fly.gp	Pearl Jam	Given To Fly	04-17-2009	-	-	-	-	-
Pearl Jam - Go.gp	Pearl Jam	Go	08-08-2025	-	-	-	-	-
Pearl Jam - Jeremy.gp	Pearl Jam	Jeremy	04-27-2026	-	-	-	-	-
Pearl Jam - Last Kiss.gp	Pearl Jam	Last Kiss	04-05-2026	-	-	-	-	-
Pearl Jam - Nothingman.gp	Pearl Jam	Nothingman	01-18-2009	-	-	-	-	-
Pearl Jam - Once.gp	Pearl Jam	Once	07-18-2025	-	-	-	-	-
Pearl Jam - Rearviewmirror.gp	Pearl Jam	Rearviewmirror	08-06-2025	-	-	-	-	-
Pearl Jam - Yellow Ledbetter.gp	Pearl Jam	Yellow Ledbetter	01-27-2026	-	-	-	-	-
Peter Frampton - Show Me The Way (Live).gp	Peter Frampton	Show Me The Way (Live)	12-29-2025	-	-	-	-	-
Phil Collins - Against All Odds.gp	Phil Collins	Against All Odds	03-12-2026	-	-	-	-	-
Phil Collins - Easy Lover.gp	Phil Collins	Easy Lover	03-22-2026	-	-	-	-	-
Phil Collins - In The Air Tonight.gp	Phil Collins	In The Air Tonight	03-05-2026	-	-	-	-	-
Philip Bailey (ft. Phil Collins) - Easy Lover.gp	Philip Bailey (ft. Phil Collins)	Easy Lover	04-30-2026	-	-	-	-	-
Phoenix - 1901.gp	Phoenix	1901	04-14-2026	-	-	-	-	-
Phoenix - Lisztomania.gp	Phoenix	Lisztomania	11-08-2025	-	-	-	-	-
Pierre Bachelet - Les Corons.gp	Pierre Bachelet	Les Corons	01-09-2022	-	-	-	-	-
Pink Floyd - Another Brick In The Wall, Part 2.gp	Pink Floyd	Another Brick In The Wall, Part 2	12-12-2025	-	-	-	-	-
Pink Floyd - Brain Damage _ Eclipse.gp	Pink Floyd	Brain Damage _ Eclipse	03-26-2026	-	-	-	-	-
Pink Floyd - Comfortably Numb.gp	Pink Floyd	Comfortably Numb	12-22-2025	1979	Rock	Fender Strat Player II (SSS)	AMP UK 45/Drive	38a6a01e-5434-4df2-bb1d-00c84868d7d0
Pink Floyd - Eclipse.gp	Pink Floyd	Eclipse	01-30-2026	-	-	-	-	-
Pink Floyd - Hey You.gp	Pink Floyd	Hey You	04-22-2026	-	-	-	-	-
Pink Floyd - High Hopes.gp	Pink Floyd	High Hopes	03-25-2026	-	-	-	-	-
Pink Floyd - Learning To Fly.gp	Pink Floyd	Learning To Fly	07-16-2024	-	-	-	-	-
Pink Floyd - Money.gp	Pink Floyd	Money	12-12-2025	1973	Rock	Fender Strat Player II (SSS)	AMP UK 45/Clean	2d1263cf-78d4-4d23-be4b-a35139c9cb1f
Pink Floyd - On The Run.gp	Pink Floyd	On The Run	12-22-2025	-	-	-	-	-
Pink Floyd - One Of These Days.gp	Pink Floyd	One Of These Days	01-19-2026	-	-	-	-	-
Pink Floyd - Run Like Hell.gp	Pink Floyd	Run Like Hell	04-20-2026	-	-	-	-	-
Pink Floyd - Sheep.gp	Pink Floyd	Sheep	04-02-2026	-	-	-	-	-
Pink Floyd - The Great Gig In The Sky.gp	Pink Floyd	The Great Gig In The Sky	12-29-2025	-	-	-	-	-
Pink Floyd - Time.gp	Pink Floyd	Time	04-05-2026	-	-	-	-	-
Pink Floyd - Welcome To The Machine.gp	Pink Floyd	Welcome To The Machine	10-29-2025	-	-	-	-	-
Pink Floyd - Wish You Were Here.gp	Pink Floyd	Wish You Were Here	01-03-2026	1975	Rock	Acoustique	AMP US Dream/Clean	8af29f07-1ff5-4ca8-854b-a1d29f60e31e
Pixies - Debaser.gp	Pixies	Debaser	01-06-2026	-	-	-	-	-
Pixies - Here Comes Your Man.gp	Pixies	Here Comes Your Man	04-14-2026	-	-	-	-	-
Pixies - Monkey Gone To Heaven.gp	Pixies	Monkey Gone To Heaven	04-12-2026	-	-	-	-	-
Pixies - Wave Of Mutilation.gp	Pixies	Wave Of Mutilation	10-10-2020	-	-	-	-	-
Pixies - Where Is My Mind_.gp	Pixies	Where Is My Mind_	01-01-2026	-	-	-	-	-
Plain White T's - Hey There Delilah.gp	Plain White T's	Hey There Delilah	02-27-2026	-	-	-	-	-
Poison - Every Rose Has Its Thorn.gp	Poison	Every Rose Has Its Thorn	07-03-2025	-	-	-	-	-
Poison - Talk Dirty To Me.gp	Poison	Talk Dirty To Me	12-11-2025	-	-	-	-	-
Pomme - Anxiete.gp	Pomme	Anxiete	04-22-2025	-	-	-	-	-
Porcupine Tree - Lazarus.gp	Porcupine Tree	Lazarus	04-28-2026	-	-	-	-	-
Prince - Kiss.gp	Prince	Kiss	01-21-2024	-	-	-	-	-
Prince - Let's Go Crazy.gp	Prince	Let's Go Crazy	02-27-2026	-	-	-	-	-
Prince - Purple Rain.gp	Prince	Purple Rain	05-05-2026	-	-	-	-	-
Procol Harum - A Whiter Shade Of Pale.gp	Procol Harum	A Whiter Shade Of Pale	03-14-2026	-	-	-	-	-
Puddle Of Mudd - Blurry.gp	Puddle Of Mudd	Blurry	03-20-2026	-	-	-	-	-
Queen - Another One Bites the Dust.gp	Queen	Another One Bites the Dust	12-23-2025	-	-	-	-	-
Queen - Bohemian Rhapsody.gp	Queen	Bohemian Rhapsody	03-25-2026	1975	Rock	Les deux	AMP Foxy 30TB/Drive	2f31ba21-8110-42e0-8634-0e8740d569d5
Queen - Crazy Little Thing Called Love.gp	Queen	Crazy Little Thing Called Love	04-28-2026	-	-	-	-	-
Queen - Don't Stop Me Now.gp	Queen	Don't Stop Me Now	04-01-2026	-	-	-	-	-
Queen - Fat Bottomed Girls.gp	Queen	Fat Bottomed Girls	02-24-2026	-	-	-	-	-
Queen - I Want To Break Free.gp	Queen	I Want To Break Free	03-17-2026	-	-	-	-	-
Queen - Killer Queen.gp	Queen	Killer Queen	04-01-2026	-	-	-	-	-
Queen - Somebody To Love.gp	Queen	Somebody To Love	02-12-2026	-	-	-	-	-
Queen - Stone Cold Crazy.gp	Queen	Stone Cold Crazy	04-26-2026	-	-	-	-	-
Queen - Tie Your Mother Down.gp	Queen	Tie Your Mother Down	03-21-2026	-	-	-	-	-
Queen - We Are The Champions.gp	Queen	We Are The Champions	12-29-2025	-	-	-	-	-
Queen - We Will Rock You.gp	Queen	We Will Rock You	02-12-2026	-	-	-	-	-
Queens Of The Stone Age - 3's and 7's.gp	Queens Of The Stone Age	3's and 7's	04-10-2025	-	-	-	-	-
Queens Of The Stone Age - Go With The Flow.gp	Queens Of The Stone Age	Go With The Flow	04-22-2026	-	-	-	-	-
Queens Of The Stone Age - Little Sister.gp	Queens Of The Stone Age	Little Sister	04-22-2026	-	-	-	-	-
Queens Of The Stone Age - My God Is The Sun.gp	Queens Of The Stone Age	My God Is The Sun	04-16-2026	-	-	-	-	-
Queens Of The Stone Age - No One Knows.gp	Queens Of The Stone Age	No One Knows	04-30-2026	-	-	-	-	-
Queens Of The Stone Age - Sick Sick Sick.gp	Queens Of The Stone Age	Sick Sick Sick	03-22-2026	-	-	-	-	-
Quiet Riot - Cum On Feel The Noize.gp	Quiet Riot	Cum On Feel The Noize	11-25-2025	-	-	-	-	-
R.E.M. - Everybody Hurts.gp	R.E.M.	Everybody Hurts	12-15-2025	-	-	-	-	-
R.E.M. - Losing My Religion.gp	R.E.M.	Losing My Religion	01-21-2026	-	-	-	-	-
Radiohead - Creep.gp	Radiohead	Creep	03-17-2026	-	-	-	-	-
Radiohead - Fake Plastic Trees.gp	Radiohead	Fake Plastic Trees	05-04-2026	-	-	-	-	-
Radiohead - High And Dry.gp	Radiohead	High And Dry	04-29-2026	-	-	-	-	-
Radiohead - Just.gp	Radiohead	Just	05-12-2026	-	-	-	-	-
Radiohead - Karma Police.gp	Radiohead	Karma Police	02-04-2026	1997	Rock	Fender Strat Player II (SSS)	AMP Dark Twin/Clean	ca83c1bf-3939-4832-821b-6e08061e800f
Radiohead - No Surprises.gp	Radiohead	No Surprises	01-07-2026	-	-	-	-	-
Radiohead - Street Spirit (Fade Out).gp	Radiohead	Street Spirit (Fade Out)	05-01-2026	-	-	-	-	-
Rage Against The Machine - Bulls On Parade.gp	Rage Against The Machine	Bulls On Parade	04-27-2026	-	-	-	-	-
Rage Against The Machine - Killing in the Name.gp	Rage Against The Machine	Killing in the Name	12-18-2025	-	-	-	-	-
Rainbow - Gates Of Babylon.gp	Rainbow	Gates Of Babylon	04-14-2026	-	-	-	-	-
Rainbow - Kill The King.gp	Rainbow	Kill The King	04-29-2026	-	-	-	-	-
Rainbow - Long Live Rock N Roll.gp	Rainbow	Long Live Rock N Roll	01-05-2010	-	-	-	-	-
Rainbow - Man On The Silver Mountain.gp	Rainbow	Man On The Silver Mountain	03-20-2025	-	-	-	-	-
Rainbow - Since You Been Gone.gp	Rainbow	Since You Been Gone	04-04-2026	-	-	-	-	-
Rainbow - Stargazer.gp	Rainbow	Stargazer	03-12-2026	-	-	-	-	-
Ratt - Round And Round.gp	Ratt	Round And Round	04-17-2026	-	-	-	-	-
Red Hot Chili Peppers - By The Way.gp	Red Hot Chili Peppers	By The Way	04-30-2026	-	-	-	-	-
Red Hot Chili Peppers - Californication.gp	Red Hot Chili Peppers	Californication	12-09-2025	-	-	-	-	-
Red Hot Chili Peppers - Can't Stop.gp	Red Hot Chili Peppers	Can't Stop	12-24-2025	-	-	-	-	-
Red Hot Chili Peppers - Dani California.gp	Red Hot Chili Peppers	Dani California	12-13-2025	-	-	-	-	-
Red Hot Chili Peppers - Give It Away.gp	Red Hot Chili Peppers	Give It Away	04-18-2026	-	-	-	-	-
Red Hot Chili Peppers - Otherside.gp	Red Hot Chili Peppers	Otherside	12-11-2025	-	-	-	-	-
Red Hot Chili Peppers - Scar Tissue.gp	Red Hot Chili Peppers	Scar Tissue	11-18-2025	-	-	-	-	-
Red Hot Chili Peppers - Snow (Hey Oh).gp	Red Hot Chili Peppers	Snow (Hey Oh)	12-08-2025	-	-	-	-	-
Red Hot Chili Peppers - Under The Bridge.gp	Red Hot Chili Peppers	Under The Bridge	10-26-2025	-	-	-	-	-
Rem - The One I Love.gp	Rem	The One I Love	02-03-2025	-	-	-	-	-
Renan Luce - La Lettre.gp	Renan Luce	La Lettre	01-11-2024	-	-	-	-	-
Renaud - Dès Que Le Vent Soufflera.gp	Renaud	Dès Que Le Vent Soufflera	12-30-2014	-	-	-	-	-
Renaud - Hexagone.gp	Renaud	Hexagone	11-20-2023	-	-	-	-	-
Renaud - Manhattan-Kaboul.gp	Renaud	Manhattan-Kaboul	01-22-2009	-	-	-	-	-
Renaud - Mistral Gagnant.gp	Renaud	Mistral Gagnant	05-03-2023	-	-	-	-	-
Renaud - Morgane De Toi.gp	Renaud	Morgane De Toi	01-05-2010	-	-	-	-	-
REO Speedwagon - Keep on Loving You.gp	REO Speedwagon	Keep on Loving You	04-02-2026	-	-	-	-	-
Replacements - Bastards of Young.gp	Replacements	Bastards of Young	11-15-2024	-	-	-	-	-
Rival Sons - electric man.gp	Rival Sons	electric man	05-21-2025	-	-	-	-	-
Robert Johnson - Cross Road Blues.gp	Robert Johnson	Cross Road Blues	02-28-2025	-	-	-	-	-
Robert Johnson - Sweet Home Chicago.gp	Robert Johnson	Sweet Home Chicago	05-20-2022	-	-	-	-	-
Robert Palmer - Addicted To Love.gp	Robert Palmer	Addicted To Love	04-19-2026	-	-	-	-	-
Robin Trower - Bridge Of Sighs.gp	Robin Trower	Bridge Of Sighs	12-24-2025	-	-	-	-	-
Robin Trower - Day Of The Eagle.gp	Robin Trower	Day Of The Eagle	01-05-2010	-	-	-	-	-
Rod Stewart - Every Picture Tells A Story.gp	Rod Stewart	Every Picture Tells A Story	05-12-2025	-	-	-	-	-
Rod Stewart - Maggie May.gp	Rod Stewart	Maggie May	03-03-2025	-	-	-	-	-
Rory Gallagher-Tattoo'd Lady (Live) - Irish Tour '74.gp	Rory Gallagher-Tattoo'd Lady (Live)	Irish Tour '74	04-17-2018	-	-	-	-	-
Roxy Music - Avalon.gp	Roxy Music	Avalon	06-29-2021	-	-	-	-	-
Roxy Music - More Than This.gp	Roxy Music	More Than This	09-10-2025	-	-	-	-	-
Roy Orbison - Oh, Pretty Woman.gp	Roy Orbison	Oh, Pretty Woman	03-05-2026	-	-	-	-	-
Royal Blood - Figure It Out.gp	Royal Blood	Figure It Out	01-09-2026	-	-	-	-	-
Royal Blood - I Only Lie When I Love You.gp	Royal Blood	I Only Lie When I Love You	04-20-2025	-	-	-	-	-
Royal Blood - Lights Out.gp	Royal Blood	Lights Out	03-20-2026	-	-	-	-	-
Royal Blood - Out Of The Black.gp	Royal Blood	Out Of The Black	10-23-2025	-	-	-	-	-
Rush - Closer To The Heart.gp	Rush	Closer To The Heart	03-28-2026	-	-	-	-	-
Rush - Fly By Night.gp	Rush	Fly By Night	12-28-2025	-	-	-	-	-
Rush - Limelight.gp	Rush	Limelight	03-28-2026	-	-	-	-	-
Rush - The Spirit Of Radio.gp	Rush	The Spirit Of Radio	04-02-2026	-	-	-	-	-
Rush - The Trees.gp	Rush	The Trees	10-20-2025	-	-	-	-	-
Rush - Tom Sawyer.gp	Rush	Tom Sawyer	04-02-2026	-	-	-	-	-
Rush - Working Man.gp	Rush	Working Man	12-07-2025	-	-	-	-	-
Rush - YYZ.gp	Rush	YYZ	04-02-2026	-	-	-	-	-
Saez - Jeune Et Con (Acoustique).gp	Saez	Jeune Et Con (Acoustique)	01-26-2009	-	-	-	-	-
Sam And Dave - Soul Man.gp	Sam And Dave	Soul Man	03-20-2025	-	-	-	-	-
Sam Fender - Hypersonic Missiles.gp	Sam Fender	Hypersonic Missiles	09-16-2025	-	-	-	-	-
Sam Fender - Play God.gp	Sam Fender	Play God	07-17-2024	-	-	-	-	-
Sam Fender - seventeen going under.gp	Sam Fender	seventeen going under	04-23-2024	-	-	-	-	-
Sam Fender - The Borders.gp	Sam Fender	The Borders	07-16-2024	-	-	-	-	-
Sammy Hagar - I Cant Drive 55.gp	Sammy Hagar	I Cant Drive 55	05-26-2025	-	-	-	-	-
Santana - Smooth.gp	Santana	Smooth	02-03-2026	-	-	-	-	-
Saxon - Wheels of Steel.gp	Saxon	Wheels of Steel	02-04-2024	-	-	-	-	-
Scorpions - Big City Nights.gp	Scorpions	Big City Nights	05-02-2026	-	-	-	-	-
Scorpions - Blackout.gp	Scorpions	Blackout	02-28-2026	-	-	-	-	-
Scorpions - No One Like You.gp	Scorpions	No One Like You	02-20-2026	-	-	-	-	-
Scorpions - Rock You Like A Hurricane.gp	Scorpions	Rock You Like A Hurricane	12-13-2025	-	-	-	-	-
Scorpions - Still Loving You.gp	Scorpions	Still Loving You	10-16-2025	-	-	-	-	-
Scorpions - Wind Of Change.gp	Scorpions	Wind Of Change	04-18-2026	-	-	-	-	-
Seal - Kiss From A Rose.gp	Seal	Kiss From A Rose	06-24-2025	-	-	-	-	-
Semisonic - Closing Time.gp	Semisonic	Closing Time	01-18-2026	-	-	-	-	-
Sex Pistols - Anarchy in the UK.gp	Sex Pistols	Anarchy in the UK	03-13-2026	-	-	-	-	-
Sex Pistols - God Save The Queen.gp	Sex Pistols	God Save The Queen	01-24-2026	-	-	-	-	-
Sex Pistols - Holidays In The Sun.gp	Sex Pistols	Holidays In The Sun	01-02-2011	-	-	-	-	-
Sex Pistols - Pretty Vacant.gp	Sex Pistols	Pretty Vacant	04-23-2026	-	-	-	-	-
Shadow Force - Jessie's Girl (Rick Springfield Cover).gp	Shadow Force	Jessie's Girl (Rick Springfield Cover)	04-13-2025	-	-	-	-	-
Sheryl Crow - All I Wanna Do.gp	Sheryl Crow	All I Wanna Do	02-01-2026	-	-	-	-	-
Sheryl Crow - If It Makes You Happy.gp	Sheryl Crow	If It Makes You Happy	03-29-2026	-	-	-	-	-
Shocking Blue - Venus.gp	Shocking Blue	Venus	10-25-2025	-	-	-	-	-
Silverchair - Tomorrow.gp	Silverchair	Tomorrow	05-06-2026	-	-	-	-	-
Simon & Garfunkel - 59th St Bridge Song.gp	Simon & Garfunkel	59th St Bridge Song	11-01-2024	-	-	-	-	-
Simon & Garfunkel - Bridge Over Troubled Water.gp	Simon & Garfunkel	Bridge Over Troubled Water	02-20-2026	-	-	-	-	-
Simon & Garfunkel - Cecilia.gp	Simon & Garfunkel	Cecilia	10-24-2016	-	-	-	-	-
Simon & Garfunkel - Mrs. Robinson.gp	Simon & Garfunkel	Mrs. Robinson	03-27-2026	-	-	-	-	-
Simon & Garfunkel - Scarborough Fair _ Canticle.gp	Simon & Garfunkel	Scarborough Fair _ Canticle	03-01-2026	-	-	-	-	-
Simon & Garfunkel - The Boxer.gp	Simon & Garfunkel	The Boxer	09-23-2025	1969	Folk|Rock	Acoustique	-	049ebf3a-fe37-4308-bff8-b89cf77355a9
Simon And Garfunkel - Sound Of Silence.gp	Simon And Garfunkel	Sound Of Silence	04-20-2024	-	-	-	-	-
Skid Row - 18 And Life.gp	Skid Row	18 And Life	05-04-2026	-	-	-	-	-
Skid Row - Youth Gone Wild (remaster).gp	Skid Row	Youth Gone Wild (remaster)	12-28-2025	-	-	-	-	-
Slayer - Angel of Death.gp	Slayer	Angel of Death	04-14-2026	-	-	-	-	-
Slayer - Raining Blood.gp	Slayer	Raining Blood	04-23-2026	-	-	-	-	-
Slipknot - Duality.gp	Slipknot	Duality	04-16-2026	-	-	-	-	-
Slipknot - Psychosocial.gp	Slipknot	Psychosocial	01-01-2026	-	-	-	-	-
Slipknot - Wait And Bleed.gp	Slipknot	Wait And Bleed	04-01-2026	-	-	-	-	-
Slowdive - Alison.gp	Slowdive	Alison	04-16-2026	-	-	-	-	-
Sly And The Family Stone - Everyday People.gp	Sly And The Family Stone	Everyday People	02-14-2025	-	-	-	-	-
Sly And The Family Stone - Family Affair.gp	Sly And The Family Stone	Family Affair	07-02-2025	-	-	-	-	-
Sly And The Family Stone - Thank You (Falettinme Be Mice Elf Agin).gp	Sly And The Family Stone	Thank You (Falettinme Be Mice Elf Agin)	01-02-2026	-	-	-	-	-
Smashing Pumpkins - 1979.gp	Smashing Pumpkins	1979	04-03-2026	-	-	-	-	-
Smashing Pumpkins - Bullet With Butterfly Wings.gp	Smashing Pumpkins	Bullet With Butterfly Wings	04-12-2026	-	-	-	-	-
Smashing Pumpkins - Cherub Rock.gp	Smashing Pumpkins	Cherub Rock	05-09-2026	-	-	-	-	-
Smashing Pumpkins - Disarm.gp	Smashing Pumpkins	Disarm	04-14-2025	-	-	-	-	-
Smashing Pumpkins - Today.gp	Smashing Pumpkins	Today	04-23-2026	-	-	-	-	-
Smashing Pumpkins - Tonight, Tonight.gp	Smashing Pumpkins	Tonight, Tonight	04-07-2026	-	-	-	-	-
Smashing Pumpkins - Zero.gp	Smashing Pumpkins	Zero	03-04-2026	-	-	-	-	-
Snow Patrol - Chasing Cars.gp	Snow Patrol	Chasing Cars	02-18-2026	-	-	-	-	-
Sonic Youth - Kool Thing.gp	Sonic Youth	Kool Thing	02-11-2026	-	-	-	-	-
Soundgarden - Black Hole Sun.gp	Soundgarden	Black Hole Sun	03-24-2026	-	-	-	-	-
Soundgarden - Burden In My Hand.gp	Soundgarden	Burden In My Hand	12-04-2025	-	-	-	-	-
Soundgarden - Fell On Black Days (Official Video Version).gp	Soundgarden	Fell On Black Days (Official Video Version)	02-28-2026	-	-	-	-	-
Soundgarden - Jesus Christ Pose.gp	Soundgarden	Jesus Christ Pose	04-27-2026	-	-	-	-	-
Soundgarden - My Wave.gp	Soundgarden	My Wave	04-17-2025	-	-	-	-	-
Soundgarden - Outshined.gp	Soundgarden	Outshined	03-03-2026	-	-	-	-	-
Soundgarden - Rusty Cage.gp	Soundgarden	Rusty Cage	01-22-2026	-	-	-	-	-
Soundgarden - Spoonman.gp	Soundgarden	Spoonman	02-02-2026	-	-	-	-	-
Soundgarden - Superunknown.gp	Soundgarden	Superunknown	02-10-2026	-	-	-	-	-
Soundgarden - The Day I Tried To Live.gp	Soundgarden	The Day I Tried To Live	02-01-2026	-	-	-	-	-
Spin Doctors - Two Princes.gp	Spin Doctors	Two Princes	03-21-2026	-	-	-	-	-
Staind - It's Been A While.gp	Staind	It's Been A While	03-13-2026	-	-	-	-	-
Status Quo - Caroline.gp	Status Quo	Caroline	12-20-2024	-	-	-	-	-
Stealers Wheel - Stuck In The Middle With You.gp	Stealers Wheel	Stuck In The Middle With You	04-09-2026	-	-	-	-	-
Steely Dan - Hey Nineteen.gp	Steely Dan	Hey Nineteen	12-22-2023	-	-	-	-	-
Steely Dan - Peg.gp	Steely Dan	Peg	04-27-2026	-	-	-	-	-
Steely Dan - Reelin' In The Years.gp	Steely Dan	Reelin' In The Years	01-09-2026	-	-	-	-	-
Steppenwolf - Born To Be Wild.gp	Steppenwolf	Born To Be Wild	10-15-2025	-	-	-	-	-
Steppenwolf - Magic Carpet Ride.gp	Steppenwolf	Magic Carpet Ride	04-12-2026	-	-	-	-	-
Steve Miller Band - Fly Like An Eagle.gp	Steve Miller Band	Fly Like An Eagle	11-23-2022	-	-	-	-	-
Steve Miller Band - Jet Airliner.gp	Steve Miller Band	Jet Airliner	10-23-2025	-	-	-	-	-
Steve Miller Band - Rock'n Me.gp	Steve Miller Band	Rock'n Me	01-18-2026	-	-	-	-	-
Steve Miller Band - Take The Money And Run.gp	Steve Miller Band	Take The Money And Run	06-10-2025	-	-	-	-	-
Steve Miller Band - The Joker.gp	Steve Miller Band	The Joker	02-12-2026	-	-	-	-	-
Steve Vai - Bad Horsie.gp	Steve Vai	Bad Horsie	03-06-2025	-	-	-	-	-
Steve Vai - For The Love of God.gp	Steve Vai	For The Love of God	04-10-2026	-	-	-	-	-
Stevie Ray Vaughan - Little Wing.gp	Stevie Ray Vaughan	Little Wing	11-06-2025	-	-	-	-	-
Stevie Ray Vaughan - The Sky Is Crying.gp	Stevie Ray Vaughan	The Sky Is Crying	11-13-2025	-	-	-	-	-
Stevie Ray Vaughan & Double Trouble - Cold Shot.gp	Stevie Ray Vaughan & Double Trouble	Cold Shot	08-13-2023	-	-	-	-	-
Stevie Ray Vaughan & Double Trouble - Couldn’t Stand the Weather.gp	Stevie Ray Vaughan & Double Trouble	Couldn’t Stand the Weather	09-28-2025	-	-	-	-	-
Stevie Ray Vaughan & Double Trouble - Crossfire.gp	Stevie Ray Vaughan & Double Trouble	Crossfire	09-04-2020	-	-	-	-	-
Stevie Ray Vaughan & Double Trouble - Mary Had A Little Lamb.gp	Stevie Ray Vaughan & Double Trouble	Mary Had A Little Lamb	11-24-2025	-	-	-	-	-
Stevie Ray Vaughan & Double Trouble - Pride And Joy.gp	Stevie Ray Vaughan & Double Trouble	Pride And Joy	04-17-2026	-	-	-	-	-
Stevie Ray Vaughan & Double Trouble - Texas Flood.gp	Stevie Ray Vaughan & Double Trouble	Texas Flood	04-17-2026	-	-	-	-	-
Stevie Ray Vaughan & Double Trouble - Tightrope.gp	Stevie Ray Vaughan & Double Trouble	Tightrope	11-25-2025	-	-	-	-	-
Stevie Wonder - Higher Ground.gp	Stevie Wonder	Higher Ground	05-13-2025	-	-	-	-	-
Stevie Wonder - Isn't She Lovely.gp	Stevie Wonder	Isn't She Lovely	04-06-2026	-	-	-	-	-
Stevie Wonder - Sir Duke.gp	Stevie Wonder	Sir Duke	04-21-2026	-	-	-	-	-
Stevie Wonder - Superstition.gp	Stevie Wonder	Superstition	04-21-2026	-	-	-	-	-
Stone Sour - Through Glass.gp	Stone Sour	Through Glass	05-02-2026	-	-	-	-	-
Stone Temple Pilots - Big Empty.gp	Stone Temple Pilots	Big Empty	05-07-2026	-	-	-	-	-
Stone Temple Pilots - Interstate Love Song.gp	Stone Temple Pilots	Interstate Love Song	04-07-2026	-	-	-	-	-
Stone Temple Pilots - Plush.gp	Stone Temple Pilots	Plush	03-17-2026	-	-	-	-	-
Stone Temple Pilots - Sex Type Thing.gp	Stone Temple Pilots	Sex Type Thing	04-16-2026	-	-	-	-	-
Stone Temple Pilots - Vasoline.gp	Stone Temple Pilots	Vasoline	12-21-2025	-	-	-	-	-
Stone Temple Pilots - Wicked Garden.gp	Stone Temple Pilots	Wicked Garden	10-17-2025	-	-	-	-	-
Stromae - Tous les mêmes (OG).gp	Stromae	Tous les mêmes (OG)	06-30-2025	-	-	-	-	-
Sublime - Santeria.gp	Sublime	Santeria	04-04-2026	-	-	-	-	-
Sublime - What I Got.gp	Sublime	What I Got	05-03-2026	-	-	-	-	-
Sum 41 - Fat Lip.gp	Sum 41	Fat Lip	05-01-2026	-	-	-	-	-
Supertramp - Dreamer.gp	Supertramp	Dreamer	03-26-2026	-	-	-	-	-
Supertramp - Give A Little Bit.gp	Supertramp	Give A Little Bit	03-19-2026	-	-	-	-	-
Supertramp - Goodbye Stranger.gp	Supertramp	Goodbye Stranger	03-26-2025	-	-	-	-	-
Supertramp - Take The Long Way Home.gp	Supertramp	Take The Long Way Home	11-20-2020	-	-	-	-	-
Supertramp - The Logical Song.gp	Supertramp	The Logical Song	02-07-2026	-	-	-	-	-
Survivor - Eye Of The Tiger.gp	Survivor	Eye Of The Tiger	02-07-2026	-	-	-	-	-
Sweet - Ballroom Blitz.gp	Sweet	Ballroom Blitz	11-08-2025	-	-	-	-	-
Sweet - Fox On The Run.gp	Sweet	Fox On The Run	10-10-2025	-	-	-	-	-
System of a Down - Aerials.gp	System of a Down	Aerials	12-13-2025	-	-	-	-	-
System of a Down - BYOB.gp	System of a Down	BYOB	04-27-2026	-	-	-	-	-
System of a Down - Chop Suey!.gp	System of a Down	Chop Suey!	01-05-2026	-	-	-	-	-
System of a Down - Toxicity.gp	System of a Down	Toxicity	11-12-2025	-	-	-	-	-
T - Bone Walker-Call It Stormy Monday.gp	T	Bone Walker-Call It Stormy Monday	02-28-2025	-	-	-	-	-
T-Rex - Bang A Gong (Get It On).gp	T-Rex	Bang A Gong (Get It On)	07-19-2024	-	-	-	-	-
T.Rex - 20th Century Boy.gp	T.Rex	20th Century Boy	03-04-2026	-	-	-	-	-
Talk Talk - It's My Life.gp	Talk Talk	It's My Life	10-11-2025	-	-	-	-	-
Talking Heads - Burning Down The House.gp	Talking Heads	Burning Down The House	02-16-2026	-	-	-	-	-
Talking Heads - Life During Wartime.gp	Talking Heads	Life During Wartime	12-13-2025	-	-	-	-	-
Talking Heads - Once In A Lifetime.gp	Talking Heads	Once In A Lifetime	03-19-2026	-	-	-	-	-
Talking Heads - Psycho Killer.gp	Talking Heads	Psycho Killer	04-15-2026	-	-	-	-	-
Talking Heads - Take Me To The River.gp	Talking Heads	Take Me To The River	02-14-2025	-	-	-	-	-
Tame Impala - Borderline guitar.gp	Tame Impala	Borderline guitar	03-22-2025	-	-	-	-	-
Tame Impala - Elephant.gp	Tame Impala	Elephant	04-05-2026	-	-	-	-	-
Tame Impala - Eventually.gp	Tame Impala	Eventually	02-06-2026	-	-	-	-	-
Tame Impala - Feels Like We Only Go Backwards.gp	Tame Impala	Feels Like We Only Go Backwards	09-25-2025	-	-	-	-	-
Tame Impala - The Less I Know The Better.gp	Tame Impala	The Less I Know The Better	05-01-2026	-	-	-	-	-
Tears For Fears - Everybody Wants To Rule The World.gp	Tears For Fears	Everybody Wants To Rule The World	03-12-2026	-	-	-	-	-
Tears For Fears - Mad World.gp	Tears For Fears	Mad World	03-15-2022	-	-	-	-	-
Tears For Fears - Shout.gp	Tears For Fears	Shout	11-18-2025	-	-	-	-	-
Ted Nugent - Cat Scratch Fever.gp	Ted Nugent	Cat Scratch Fever	03-18-2022	-	-	-	-	-
Ted Nugent - Free-For-All.gp	Ted Nugent	Free-For-All	01-17-2009	-	-	-	-	-
Ted Nugent - Stranglehold.gp	Ted Nugent	Stranglehold	04-07-2026	-	-	-	-	-
Telephone - 2000 nuits.gp	Telephone	2000 nuits	10-28-2025	-	-	-	-	-
Telephone - Anna.gp	Telephone	Anna	04-25-2011	-	-	-	-	-
Telephone - Ca Cest Vraiment Toi.gp	Telephone	Ca Cest Vraiment Toi	12-21-2025	-	-	-	-	-
Telephone - J'sais pas quoi faire.gp	Telephone	J'sais pas quoi faire	03-28-2026	-	-	-	-	-
Telephone - Le jour s'est levé.gp	Telephone	Le jour s'est levé	08-03-2025	-	-	-	-	-
Telephone - Métro c'est trop.gp	Telephone	Métro c'est trop	08-09-2025	-	-	-	-	-
Telephone - Prends ce que tu veux.gp	Telephone	Prends ce que tu veux	01-10-2026	-	-	-	-	-
Telephone - Seul.gp	Telephone	Seul	08-19-2025	-	-	-	-	-
Television - Marquee Moon.gp	Television	Marquee Moon	04-05-2026	-	-	-	-	-
Tenacious D - Tribute.gp	Tenacious D	Tribute	07-07-2025	-	-	-	-	-
The All - American Rejects-Dirty Little Secret.gp	The All	American Rejects-Dirty Little Secret	03-16-2026	-	-	-	-	-
The Allman Brothers Band - Blue Sky.gp	The Allman Brothers Band	Blue Sky	03-21-2025	-	-	-	-	-
The Allman Brothers Band - Jessica.gp	The Allman Brothers Band	Jessica	02-18-2026	-	-	-	-	-
The Allman Brothers Band - Melissa.gp	The Allman Brothers Band	Melissa	04-21-2026	-	-	-	-	-
The Allman Brothers Band - Midnight Rider.gp	The Allman Brothers Band	Midnight Rider	05-05-2023	-	-	-	-	-
The Allman Brothers Band - Ramblin' Man.gp	The Allman Brothers Band	Ramblin' Man	09-27-2025	-	-	-	-	-
The Allman Brothers Band - Whipping Post.gp	The Allman Brothers Band	Whipping Post	12-11-2025	-	-	-	-	-
The Animals - Please Dont Let Me Be Misunderstood.gp	The Animals	Please Dont Let Me Be Misunderstood	07-08-2025	-	-	-	-	-
The Animals - The House Of The Rising Sun.gp	The Animals	The House Of The Rising Sun	02-17-2026	-	-	-	-	-
The Animals - We Gotta Get Out Of This Place.gp	The Animals	We Gotta Get Out Of This Place	02-16-2026	-	-	-	-	-
The Arcade Fire - Wake Up.gp	The Arcade Fire	Wake Up	04-05-2025	-	-	-	-	-
The B - 52s-Rock Lobster (Simple Drum).gp	The B	52s-Rock Lobster (Simple Drum)	04-07-2025	-	-	-	-	-
The Band - The Weight.gp	The Band	The Weight	02-17-2026	-	-	-	-	-
The Beach Boys - California Girls.gp	The Beach Boys	California Girls	10-01-2016	-	-	-	-	-
The Beach Boys - Good Vibrations.gp	The Beach Boys	Good Vibrations	03-16-2026	-	-	-	-	-
The Beach Boys - Surfin Usa.gp	The Beach Boys	Surfin Usa	12-26-2025	-	-	-	-	-
The Beach Boys - Wouldn't It Be Nice.gp	The Beach Boys	Wouldn't It Be Nice	02-11-2026	-	-	-	-	-
The Beatles - A Hard Day's Night.gp	The Beatles	A Hard Day's Night	04-04-2026	-	-	-	-	-
The Beatles - And I Love Her.gp	The Beatles	And I Love Her	02-13-2026	-	-	-	-	-
The Beatles - Back In The U.S.S.R..gp	The Beatles	Back In The U.S.S.R.	05-11-2026	-	-	-	-	-
The Beatles - Blackbird.gp	The Beatles	Blackbird	02-27-2026	1968	Rock	Acoustique	-	e162b1f9-5d4a-4964-9683-29fd594abdaf
The Beatles - Come Together.gp	The Beatles	Come Together	02-16-2026	-	-	-	-	-
The Beatles - Day Tripper.gp	The Beatles	Day Tripper	01-15-2026	-	-	-	-	-
The Beatles - Drive My Car.gp	The Beatles	Drive My Car	02-10-2026	-	-	-	-	-
The Beatles - Eleanor Rigby.gp	The Beatles	Eleanor Rigby	04-13-2026	1966	Pop	Acoustique	AMP Dark Twin/Clean	1a5d952b-6312-44da-a5b1-8f67637a7301
The Beatles - Get Back.gp	The Beatles	Get Back	03-07-2026	-	-	-	-	-
The Beatles - Help!.gp	The Beatles	Help!	03-13-2026	-	-	-	-	-
The Beatles - Helter Skelter.gp	The Beatles	Helter Skelter	03-19-2026	-	-	-	-	-
The Beatles - Here Comes the Sun.gp	The Beatles	Here Comes the Sun	01-15-2026	-	-	-	-	-
The Beatles - Hey Jude.gp	The Beatles	Hey Jude	03-19-2026	1968	Pop	Fender Strat Player II (SSS)	AMP Dark Twin/Clean	49124da2-ef27-42b0-9705-d7a083d779a9
The Beatles - I Feel Fine.gp	The Beatles	I Feel Fine	04-20-2026	-	-	-	-	-
The Beatles - I Saw Her Standing There.gp	The Beatles	I Saw Her Standing There	12-06-2025	-	-	-	-	-
The Beatles - In My Life.gp	The Beatles	In My Life	04-28-2026	-	-	-	-	-
The Beatles - Lady Madonna.gp	The Beatles	Lady Madonna	04-29-2026	-	-	-	-	-
The Beatles - Let It Be.gp	The Beatles	Let It Be	02-05-2026	1970	Pop	Fender Strat Player II (SSS)	AMP UK 45/Drive	ba5b35e0-6337-4fad-a83c-a14a42c85b72
The Beatles - Norwegian Wood (This Bird Has Flown).gp	The Beatles	Norwegian Wood (This Bird Has Flown)	03-14-2026	-	-	-	-	-
The Beatles - Paperback Writer.gp	The Beatles	Paperback Writer	01-19-2026	-	-	-	-	-
The Beatles - Revolution.gp	The Beatles	Revolution	03-23-2026	-	-	-	-	-
The Beatles - Something.gp	The Beatles	Something	04-23-2026	-	-	-	-	-
The Beatles - Strawberry Fields Forever (Acoustic).gp	The Beatles	Strawberry Fields Forever (Acoustic)	10-11-2009	-	-	-	-	-
The Beatles - Taxman.gp	The Beatles	Taxman	05-05-2026	-	-	-	-	-
The Beatles - Ticket To Ride.gp	The Beatles	Ticket To Ride	02-14-2026	-	-	-	-	-
The Beatles - Twist And Shout.gp	The Beatles	Twist And Shout	04-02-2026	-	-	-	-	-
The Beatles - While My Guitar Gently Weeps.gp	The Beatles	While My Guitar Gently Weeps	03-06-2026	-	-	-	-	-
The Beatles - Yesterday.gp	The Beatles	Yesterday	01-22-2026	1965	Pop	Acoustique	AMP Dark Twin/Clean	8a21b6b9-774e-4e6d-a914-c9bf5c05fb47
The Black Crowes - Hard To Handle.gp	The Black Crowes	Hard To Handle	02-25-2026	-	-	-	-	-
The Black Crowes - She Talks To Angels.gp	The Black Crowes	She Talks To Angels	09-10-2025	-	-	-	-	-
The Black Keys - Fever.gp	The Black Keys	Fever	04-15-2024	-	-	-	-	-
The Black Keys - Gold On The Ceiling.gp	The Black Keys	Gold On The Ceiling	02-15-2025	-	-	-	-	-
The Black Keys - Howlin' For You.gp	The Black Keys	Howlin' For You	05-01-2026	-	-	-	-	-
The Black Keys - Little Black Submarines.gp	The Black Keys	Little Black Submarines	02-17-2026	-	-	-	-	-
The Black Keys - Lonely Boy.gp	The Black Keys	Lonely Boy	09-14-2025	-	-	-	-	-
The Black Keys - Tighten Up.gp	The Black Keys	Tighten Up	09-10-2025	-	-	-	-	-
The Breeders - Cannonball.gp	The Breeders	Cannonball	03-16-2026	-	-	-	-	-
The Buzzcocks - Ever Fallen In Love (With Someone You Shouldn't've_).gp	The Buzzcocks	Ever Fallen In Love (With Someone You Shouldn't've_)	09-08-2025	-	-	-	-	-
The Byrds - Turn! Turn! Turn!.gp	The Byrds	Turn! Turn! Turn!	02-14-2025	-	-	-	-	-
The Cars - Drive.gp	The Cars	Drive	03-31-2026	-	-	-	-	-
The Cars - Just What I Needed.gp	The Cars	Just What I Needed	04-04-2026	-	-	-	-	-
The Cars - My Best Friend's Girl.gp	The Cars	My Best Friend's Girl	05-03-2026	-	-	-	-	-
The Cars - You Might Think.gp	The Cars	You Might Think	05-05-2026	-	-	-	-	-
The Chic - Good Times.gp	The Chic	Good Times	04-16-2026	-	-	-	-	-
The Chic - Le Freak.gp	The Chic	Le Freak	04-10-2026	-	-	-	-	-
The Clash - London Calling.gp	The Clash	London Calling	04-21-2026	-	-	-	-	-
The Clash - Should I Stay Or Should I Go.gp	The Clash	Should I Stay Or Should I Go	03-22-2026	-	-	-	-	-
The Clash - Train In Vain.gp	The Clash	Train In Vain	01-28-2025	-	-	-	-	-
The Cocteau Twins - Heaven Or Las Vegas.gp	The Cocteau Twins	Heaven Or Las Vegas	04-16-2026	-	-	-	-	-
The Connels-'74 - '75.gp	The Connels-'74	'75	08-20-2025	-	-	-	-	-
The Cranberries - Linger.gp	The Cranberries	Linger	10-31-2025	-	-	-	-	-
The Cranberries - Ode To My Family.gp	The Cranberries	Ode To My Family	07-19-2025	-	-	-	-	-
The Cranberries - Zombie.gp	The Cranberries	Zombie	02-22-2026	-	-	-	-	-
The Cult - She Sells Sanctuary.gp	The Cult	She Sells Sanctuary	03-15-2026	-	-	-	-	-
The Cure - A Forest.gp	The Cure	A Forest	04-07-2026	-	-	-	-	-
The Cure - Boys Don't Cry.gp	The Cure	Boys Don't Cry	02-21-2026	-	-	-	-	-
The Cure - Friday I'm in Love.gp	The Cure	Friday I'm in Love	04-21-2026	-	-	-	-	-
The Cure - In Between Days.gp	The Cure	In Between Days	03-02-2026	-	-	-	-	-
The Cure - Just Like Heaven.gp	The Cure	Just Like Heaven	02-02-2026	-	-	-	-	-
The Cure - Lovesong.gp	The Cure	Lovesong	04-22-2026	-	-	-	-	-
The Cure - Lullaby.gp	The Cure	Lullaby	03-06-2026	-	-	-	-	-
The Cure - Pictures Of You.gp	The Cure	Pictures Of You	12-03-2025	-	-	-	-	-
The Cure _ ortoPilot Cover - Close To Me.gp	The Cure _ ortoPilot Cover	Close To Me	01-18-2025	-	-	-	-	-
The Doobie Brothers - Black Water.gp	The Doobie Brothers	Black Water	01-25-2026	-	-	-	-	-
The Doobie Brothers - China Grove.gp	The Doobie Brothers	China Grove	01-29-2026	-	-	-	-	-
The Doobie Brothers - Listen To The Music.gp	The Doobie Brothers	Listen To The Music	04-01-2026	-	-	-	-	-
The Doobie Brothers - Long Train Runnin'.gp	The Doobie Brothers	Long Train Runnin'	03-28-2026	-	-	-	-	-
The Doobie Brothers - What A Fool Believes.gp	The Doobie Brothers	What A Fool Believes	10-05-2025	-	-	-	-	-
The Doors - Break on Through (To the Other Side).gp	The Doors	Break on Through (To the Other Side)	04-02-2026	-	-	-	-	-
The Doors - Hello, I Love You.gp	The Doors	Hello, I Love You - 01-07-2026 2	-	-	-	-	-	-
The Doors - LA WOMAN ; AI GENERATED.gp	The Doors	LA WOMAN ; AI GENERATED	05-02-2025	-	-	-	-	-
The Doors - Light My Fire.gp	The Doors	Light My Fire	03-19-2026	-	-	-	-	-
The Doors - People Are Strange.gp	The Doors	People Are Strange	01-14-2026	-	-	-	-	-
The Doors - Riders On The Storm.gp	The Doors	Riders On The Storm	02-24-2026	-	-	-	-	-
The Doors - Roadhouse Blues.gp	The Doors	Roadhouse Blues	04-25-2026	-	-	-	-	-
The Eagles - Already Gone.gp	The Eagles	Already Gone	02-14-2024	-	-	-	-	-
The Eagles - Desperado.gp	The Eagles	Desperado	06-21-2025	-	-	-	-	-
The Eagles - Heartache Tonight.gp	The Eagles	Heartache Tonight	02-10-2026	-	-	-	-	-
The Eagles - Hotel California.gp	The Eagles	Hotel California	02-11-2026	-	-	-	-	-
The Eagles - Hotel California Solo.gp	The Eagles	Hotel California Solo	02-10-2026	-	-	-	-	-
The Eagles - Life In The Fast Lane.gp	The Eagles	Life In The Fast Lane	03-09-2026	-	-	-	-	-
The Eagles - Lyin' Eyes.gp	The Eagles	Lyin' Eyes	04-12-2026	-	-	-	-	-
The Eagles - New Kid In Town.gp	The Eagles	New Kid In Town	04-01-2026	-	-	-	-	-
The Eagles - One Of These Nights.gp	The Eagles	One Of These Nights	03-31-2026	-	-	-	-	-
The Eagles - Peaceful Easy Feeling.gp	The Eagles	Peaceful Easy Feeling	04-10-2026	-	-	-	-	-
The Eagles - Take It Easy.gp	The Eagles	Take It Easy	01-05-2026	-	-	-	-	-
The Eagles - Take It To The Limit.gp	The Eagles	Take It To The Limit	04-26-2025	-	-	-	-	-
The Eagles - Tequila Sunrise.gp	The Eagles	Tequila Sunrise	11-19-2025	-	-	-	-	-
The Faces - Ooh La La.gp	The Faces	Ooh La La	03-18-2026	-	-	-	-	-
The Faces - Stay with Me.gp	The Faces	Stay with Me	06-17-2025	-	-	-	-	-
The Guess Who - American Woman.gp	The Guess Who	American Woman	06-03-2025	-	-	-	-	-
The Hives - Hate To Say I Told You So.gp	The Hives	Hate To Say I Told You So	04-10-2026	-	-	-	-	-
The Hollies - The Air That I Breathe.gp	The Hollies	The Air That I Breathe	04-01-2026	-	-	-	-	-
The Jam - Town Called Malice.gp	The Jam	Town Called Malice	04-20-2026	-	-	-	-	-
The James Brown Band - I Feel Good (I Got You).gp	The James Brown Band	I Feel Good (I Got You)	04-21-2026	-	-	-	-	-
The James Brown Band - Papa's Got a Brand New Bag Part 1.gp	The James Brown Band	Papa's Got a Brand New Bag Part 1	03-25-2026	-	-	-	-	-
The Jimi Hendrix Experience - Foxey Lady.gp	The Jimi Hendrix Experience	Foxey Lady	07-25-2025	-	-	-	-	-
The Jimi Hendrix Experience - Little Wing.gp	The Jimi Hendrix Experience	Little Wing	04-04-2026	-	-	-	-	-
The Jimi Hendrix Experience - The Wind Cries Mary.gp	The Jimi Hendrix Experience	The Wind Cries Mary	07-26-2025	-	-	-	-	-
The Jimi Hendrix Experience - Voodoo Child (Slight Return).gp	The Jimi Hendrix Experience	Voodoo Child (Slight Return)	03-05-2026	-	-	-	-	-
The Killers - Human.gp	The Killers	Human	04-16-2026	-	-	-	-	-
The Killers - Mr. Brightside.gp	The Killers	Mr. Brightside	04-26-2026	-	-	-	-	-
The Killers - Read My Mind.gp	The Killers	Read My Mind	11-30-2025	-	-	-	-	-
The Killers - Somebody Told Me.gp	The Killers	Somebody Told Me	04-16-2026	-	-	-	-	-
The Killers - When You Were Young.gp	The Killers	When You Were Young	01-18-2026	-	-	-	-	-
The Kinks - All Day And All Of The Night.gp	The Kinks	All Day And All Of The Night	09-07-2025	-	-	-	-	-
The Kinks - Come Dancing.gp	The Kinks	Come Dancing	04-24-2025	-	-	-	-	-
The Kinks - Lola.gp	The Kinks	Lola	08-20-2024	-	-	-	-	-
The Kinks - Sunny Afternoon.gp	The Kinks	Sunny Afternoon	07-17-2025	-	-	-	-	-
The Kinks - You Really Got Me.gp	The Kinks	You Really Got Me	03-20-2026	-	-	-	-	-
The Knack - My Sharona.gp	The Knack	My Sharona	05-04-2026	-	-	-	-	-
The Lumineers - Angela.gp	The Lumineers	Angela	11-23-2025	-	-	-	-	-
The Lumineers - Ophelia.gp	The Lumineers	Ophelia	04-10-2025	-	-	-	-	-
The Mamas and The Papas - California Dreamin'.gp	The Mamas and The Papas	California Dreamin'	01-17-2026	-	-	-	-	-
The Monkees - I'm a Believer.gp	The Monkees	I'm a Believer	04-23-2026	-	-	-	-	-
The National - Bloodbuzz Ohio.gp	The National	Bloodbuzz Ohio	02-05-2025	-	-	-	-	-
The Offspring - Come Out And Play.gp	The Offspring	Come Out And Play	03-24-2026	-	-	-	-	-
The Offspring - Pretty Fly (For A White Guy).gp	The Offspring	Pretty Fly (For A White Guy)	02-15-2026	-	-	-	-	-
The Offspring - Self Esteem.gp	The Offspring	Self Esteem	05-08-2026	-	-	-	-	-
The Offspring - The Kids Aren't Alright.gp	The Offspring	The Kids Aren't Alright	11-22-2025	-	-	-	-	-
The Police - Every Breath You Take.gp	The Police	Every Breath You Take	04-17-2026	-	-	-	-	-
The Police - Message In A Bottle.gp	The Police	Message In A Bottle	04-23-2026	-	-	-	-	-
The Police - Roxanne.gp	The Police	Roxanne	03-24-2026	-	-	-	-	-
The Police - Synchronicity II.gp	The Police	Synchronicity II	04-01-2026	-	-	-	-	-
The Pretenders - Brass In Pocket.gp	The Pretenders	Brass In Pocket	01-01-2010	-	-	-	-	-
The Raconteurs - Steady, As She Goes.gp	The Raconteurs	Steady, As She Goes	11-18-2025	-	-	-	-	-
The Ramones - Blitzkrieg Bop.gp	The Ramones	Blitzkrieg Bop	04-12-2026	-	-	-	-	-
The Ramones - I Wanna Be Sedated.gp	The Ramones	I Wanna Be Sedated	04-18-2026	-	-	-	-	-
The Ramones - Rockaway Beach.gp	The Ramones	Rockaway Beach	02-26-2026	-	-	-	-	-
The Ramones - Sheena Is A Punk Rocker.gp	The Ramones	Sheena Is A Punk Rocker	04-11-2026	-	-	-	-	-
The Rolling Stones - (I Can't Get No) Satisfaction.gp	The Rolling Stones	(I Can't Get No) Satisfaction	03-26-2026	1965	Rock	Fender Strat Player II (SSS)	AMP UK 45/Drive	87113ade-76b3-432b-80dd-9f7e0ab931a1
The Rolling Stones - 19th Nervous Breakdown.gp	The Rolling Stones	19th Nervous Breakdown	04-03-2026	-	-	-	-	-
The Rolling Stones - Angie.gp	The Rolling Stones	Angie	04-04-2026	-	-	-	-	-
The Rolling Stones - Beast Of Burden.gp	The Rolling Stones	Beast Of Burden	07-06-2025	-	-	-	-	-
The Rolling Stones - Brown Sugar.gp	The Rolling Stones	Brown Sugar	04-10-2026	1971	Rock	Gibson SG	AMP UK 45/Drive	50c798be-29f6-4fc6-9359-0c0a7b04764a
The Rolling Stones - Get Off Of My Cloud.gp	The Rolling Stones	Get Off Of My Cloud	07-12-2013	-	-	-	-	-
The Rolling Stones - Gimme Shelter.gp	The Rolling Stones	Gimme Shelter	04-10-2026	-	-	-	-	-
The Rolling Stones - Honky Tonk Women.gp	The Rolling Stones	Honky Tonk Women	04-07-2026	-	-	-	-	-
The Rolling Stones - It's Only Rock 'N' Roll (But I Like It).gp	The Rolling Stones	It's Only Rock 'N' Roll (But I Like It)	02-06-2026	-	-	-	-	-
The Rolling Stones - Jumpin' Jack Flash.gp	The Rolling Stones	Jumpin' Jack Flash	03-11-2026	-	-	-	-	-
The Rolling Stones - Miss You.gp	The Rolling Stones	Miss You	08-17-2025	-	-	-	-	-
The Rolling Stones - Paint It Black.gp	The Rolling Stones	Paint It Black	12-23-2025	1966	Rock	Gibson SG	AMP UK 45/Drive	e1038655-4828-4d76-b6fe-1565b255390b
The Rolling Stones - Ruby Tuesday.gp	The Rolling Stones	Ruby Tuesday	03-04-2026	-	-	-	-	-
The Rolling Stones - Start Me Up.gp	The Rolling Stones	Start Me Up	08-15-2025	-	-	-	-	-
The Rolling Stones - Sympathy For The Devil.gp	The Rolling Stones	Sympathy For The Devil	04-01-2026	-	-	-	-	-
The Rolling Stones - Tumbling Dice.gp	The Rolling Stones	Tumbling Dice	08-09-2024	-	-	-	-	-
The Rolling Stones - Wild Horses.gp	The Rolling Stones	Wild Horses	08-09-2011	1971	Rock|Country	Acoustique	-	803ff00a-340a-4161-8fc8-4430b6e1e967
The Rolling Stones - You Can't Always Get What You Want.gp	The Rolling Stones	You Can't Always Get What You Want	12-27-2025	-	-	-	-	-
The Shadows - Apache.gp	The Shadows	Apache	09-03-2025	-	-	-	-	-
The Shins - New Slang.gp	The Shins	New Slang	09-10-2024	-	-	-	-	-
The Smiths - Bigmouth Strikes Again.gp	The Smiths	Bigmouth Strikes Again	12-03-2025	-	-	-	-	-
The Smiths - How Soon Is Now_.gp	The Smiths	How Soon Is Now_	03-27-2026	-	-	-	-	-
The Smiths - There Is A Light That Never Goes Out.gp	The Smiths	There Is A Light That Never Goes Out	04-01-2026	-	-	-	-	-
The Smiths - This Charming Man.gp	The Smiths	This Charming Man	04-23-2026	-	-	-	-	-
The Specials - Ghost Town.gp	The Specials	Ghost Town	04-03-2026	-	-	-	-	-
The Spencer Davis Group - Gimme Some Lovin'.gp	The Spencer Davis Group	Gimme Some Lovin'	01-29-2009	-	-	-	-	-
The Stone Roses - I Wanna Be Adored.gp	The Stone Roses	I Wanna Be Adored	12-04-2025	-	-	-	-	-
The Stooges - I Wanna Be Your Dog.gp	The Stooges	I Wanna Be Your Dog	03-19-2026	-	-	-	-	-
The Stranglers - Golden Brown.gp	The Stranglers	Golden Brown	04-04-2026	-	-	-	-	-
The Strokes - Hard To Explain.gp	The Strokes	Hard To Explain	05-06-2026	-	-	-	-	-
The Strokes - Is This It.gp	The Strokes	Is This It	04-15-2026	-	-	-	-	-
The Strokes - Last Nite.gp	The Strokes	Last Nite	04-11-2026	-	-	-	-	-
The Strokes - Reptilia.gp	The Strokes	Reptilia	05-01-2026	-	-	-	-	-
The Strokes - Someday.gp	The Strokes	Someday	05-06-2026	-	-	-	-	-
The Strokes - You Only Live Once.gp	The Strokes	You Only Live Once	05-05-2026	-	-	-	-	-
The Surfaris - Wipe Out.gp	The Surfaris	Wipe Out	08-19-2025	-	-	-	-	-
The Tallest Man On Earth - The Gardener.gp	The Tallest Man On Earth	The Gardener	03-25-2025	-	-	-	-	-
The Velvet Underground - Heroin.gp	The Velvet Underground	Heroin	07-19-2024	-	-	-	-	-
The Velvet Underground - Sweet Jane.gp	The Velvet Underground	Sweet Jane	02-10-2026	-	-	-	-	-
The Ventures - Walk, Don't Run.gp	The Ventures	Walk, Don't Run	10-14-2025	-	-	-	-	-
The Verve - Bitter Sweet Symphony.gp	The Verve	Bitter Sweet Symphony	12-01-2025	-	-	-	-	-
The Vines - Get Free.gp	The Vines	Get Free	03-08-2026	-	-	-	-	-
The Wallflowers - One Headlight.gp	The Wallflowers	One Headlight	04-25-2026	-	-	-	-	-
The White Stripes - Dead Leaves And The Dirty Ground.gp	The White Stripes	Dead Leaves And The Dirty Ground	03-23-2026	-	-	-	-	-
The White Stripes - Fell In Love With a Girl.gp	The White Stripes	Fell In Love With a Girl	02-01-2026	-	-	-	-	-
The White Stripes - Icky Thump.gp	The White Stripes	Icky Thump	06-17-2023	-	-	-	-	-
The White Stripes - Seven Nation Army.gp	The White Stripes	Seven Nation Army	04-12-2026	-	-	-	-	-
The Who - Baba O'Riley.gp	The Who	Baba O'Riley	04-20-2026	-	-	-	-	-
The Who - Behind Blue Eyes.gp	The Who	Behind Blue Eyes	03-09-2026	-	-	-	-	-
The Who - I Can See For Miles.gp	The Who	I Can See For Miles	01-24-2010	-	-	-	-	-
The Who - My Generation.gp	The Who	My Generation	04-23-2026	-	-	-	-	-
The Who - Pinball Wizard.gp	The Who	Pinball Wizard	01-21-2026	-	-	-	-	-
The Who - Squeeze Box.gp	The Who	Squeeze Box	02-07-2019	-	-	-	-	-
The Who - Substitute.gp	The Who	Substitute	11-17-2025	-	-	-	-	-
The Who - Won't Get Fooled Again.gp	The Who	Won't Get Fooled Again	03-02-2026	-	-	-	-	-
The Yardbirds - For Your Love.gp	The Yardbirds	For Your Love	10-22-2025	-	-	-	-	-
The Yardbirds - Heart Full Of Soul.gp	The Yardbirds	Heart Full Of Soul	06-24-2011	-	-	-	-	-
The Yardbirds - Shapes Of Things.gp	The Yardbirds	Shapes Of Things	04-09-2025	-	-	-	-	-
Them - Gloria.gp	Them	Gloria	03-29-2012	-	-	-	-	-
Thin Lizzy - Dancing In The Moonlight.gp	Thin Lizzy	Dancing In The Moonlight	07-02-2025	-	-	-	-	-
Thin Lizzy - Jailbreak.gp	Thin Lizzy	Jailbreak	11-13-2025	-	-	-	-	-
Thin Lizzy - The Boys Are Back In Town.gp	Thin Lizzy	The Boys Are Back In Town	01-21-2026	-	-	-	-	-
Thin Lizzy - Waiting For An Alibi.gp	Thin Lizzy	Waiting For An Alibi	04-14-2026	-	-	-	-	-
Thin Lizzy - Whiskey In The Jar.gp	Thin Lizzy	Whiskey In The Jar	06-24-2024	-	-	-	-	-
Third Eye Blind - Jumper.gp	Third Eye Blind	Jumper	05-01-2026	-	-	-	-	-
Third Eye Blind - Semi-Charmed Life.gp	Third Eye Blind	Semi-Charmed Life	05-10-2026	-	-	-	-	-
Three Days Grace - Animal I Have Become.gp	Three Days Grace	Animal I Have Become	03-23-2026	-	-	-	-	-
Toadies - Possum Kingdom.gp	Toadies	Possum Kingdom	02-13-2026	-	-	-	-	-
Tom Petty - American Girl.gp	Tom Petty	American Girl	04-27-2026	-	-	-	-	-
Tom Petty - Free Fallin'.gp	Tom Petty	Free Fallin'	02-24-2026	-	-	-	-	-
Tom Petty - Here Comes My Girl.gp	Tom Petty	Here Comes My Girl	10-24-2016	-	-	-	-	-
Tom Petty - I Won't Back Down.gp	Tom Petty	I Won't Back Down	10-28-2025	-	-	-	-	-
Tom Petty - Learning To Fly.gp	Tom Petty	Learning To Fly	11-07-2025	-	-	-	-	-
Tom Petty - Mary Jane's Last Dance.gp	Tom Petty	Mary Jane's Last Dance	12-25-2025	-	-	-	-	-
Tom Petty - Refugee.gp	Tom Petty	Refugee	11-20-2024	-	-	-	-	-
Tom Petty - Runnin' Down a Dream.gp	Tom Petty	Runnin' Down a Dream	04-19-2026	-	-	-	-	-
Tom Petty - You Don't Know How It Feels.gp	Tom Petty	You Don't Know How It Feels	01-27-2026	-	-	-	-	-
Tool - Lateralus.gp	Tool	Lateralus	05-04-2026	-	-	-	-	-
Tool - Schism.gp	Tool	Schism	04-28-2026	-	-	-	-	-
Tool - Sober.gp	Tool	Sober	03-29-2026	-	-	-	-	-
Tool - Stinkfist.gp	Tool	Stinkfist	04-20-2026	-	-	-	-	-
Tool - Vicarious.gp	Tool	Vicarious	04-19-2026	-	-	-	-	-
Toto - 99.gp	Toto	99	12-17-2024	-	-	-	-	-
Toto - Africa.gp	Toto	Africa	04-17-2026	-	-	-	-	-
Toto - Hold The Line.gp	Toto	Hold The Line	04-08-2026	-	-	-	-	-
Toto - I Won't Hold You Back.gp	Toto	I Won't Hold You Back	01-26-2026	-	-	-	-	-
Toto - Rosanna.gp	Toto	Rosanna	02-11-2026	-	-	-	-	-
Tower Of Power - What is hip_.gp	Tower Of Power	What is hip_	09-24-2024	-	-	-	-	-
Tracy Chapman - Fast Car.gp	Tracy Chapman	Fast Car	01-20-2026	-	Folk	Acoustique	-	3e968c9e-d4f3-4a8b-b65e-91883a842371
Traffic - Dear Mr. Fantasy.gp	Traffic	Dear Mr. Fantasy	04-29-2022	-	-	-	-	-
Traffic - The Low Spark of High-Heeled Boys.gp	Traffic	The Low Spark of High-Heeled Boys	07-20-2023	-	-	-	-	-
Train - Drops Of Jupiter (Tell Me).gp	Train	Drops Of Jupiter (Tell Me)	03-15-2026	-	-	-	-	-
Train - Hey, Soul Sister.gp	Train	Hey, Soul Sister	06-11-2025	-	-	-	-	-
Triumph - Lay It On The Line.gp	Triumph	Lay It On The Line	04-12-2026	-	-	-	-	-
Trivium - Pull Harder On The Strings Of Your Martyr.gp	Trivium	Pull Harder On The Strings Of Your Martyr	05-04-2026	-	-	-	-	-
Tryo - L'hymne De Nos Campagnes.gp	Tryo	L'hymne De Nos Campagnes	06-18-2009	-	-	-	-	-
Twisted Sister - I Wanna Rock.gp	Twisted Sister	I Wanna Rock	04-07-2026	-	-	-	-	-
Twisted Sister - We're Not Gonna Take It.gp	Twisted Sister	We're Not Gonna Take It	03-01-2026	-	-	-	-	-
Téléphone - Argent Trop Cher.gp	Téléphone	Argent Trop Cher	06-12-2023	-	-	-	-	-
Téléphone - Au Coeur De La Nuit.gp	Téléphone	Au Coeur De La Nuit	10-28-2023	-	-	-	-	-
Téléphone - Ce soir est ce soir.gp	Téléphone	Ce soir est ce soir	09-22-2024	-	-	-	-	-
Téléphone - Cendrillon.gp	Téléphone	Cendrillon	05-05-2023	-	-	-	-	-
Téléphone - Crache ton venin.gp	Téléphone	Crache ton venin	11-12-2024	-	-	-	-	-
Téléphone - Dure limite.gp	Téléphone	Dure limite	10-16-2024	-	-	-	-	-
Téléphone - Fait Divers.gp	Téléphone	Fait Divers	04-25-2011	-	-	-	-	-
Téléphone - Hygiaphone.gp	Téléphone	Hygiaphone	02-24-2026	-	-	-	-	-
Téléphone - La Bombe Humaine.gp	Téléphone	La Bombe Humaine	04-24-2023	-	-	-	-	-
Téléphone - Le Silence.gp	Téléphone	Le Silence	11-26-2016	-	-	-	-	-
Téléphone - Le Temps.gp	Téléphone	Le Temps	09-22-2024	-	-	-	-	-
Téléphone - Le Vaudou (Est Toujours Debout).gp	Téléphone	Le Vaudou (Est Toujours Debout)	02-11-2026	-	-	-	-	-
Téléphone - Les dunes.gp	Téléphone	Les dunes	01-13-2024	-	-	-	-	-
Téléphone - New York Avec Toi.gp	Téléphone	New York Avec Toi	05-05-2023	-	-	-	-	-
Téléphone - Ploum Ploum - 03-01-2026 2.gp	Téléphone	Ploum Ploum - 03-01-2026 2	-	-	-	-	-	-
Téléphone - Tu Vas Me Manquer.gp	Téléphone	Tu Vas Me Manquer	01-18-2010	-	-	-	-	-
Téléphone - Un Autre Monde.gp	Téléphone	Un Autre Monde	02-17-2026	-	-	-	-	-
U2 - One.gp	U2	One	02-11-2025	-	-	-	-	-
U2 - Sunday Bloody Sunday V3.gp	U2	Sunday Bloody Sunday V3	02-11-2022	-	-	-	-	-
U2 - Where The Streets Have No Name.gp	U2	Where The Streets Have No Name	09-13-2025	-	-	-	-	-
U2 - With Or Without You.gp	U2	With Or Without You	04-14-2026	-	-	-	-	-
Ufo - Doctor Doctor.gp	Ufo	Doctor Doctor	03-12-2026	-	-	-	-	-
Ufo - Lights Out.gp	Ufo	Lights Out	10-27-2025	-	-	-	-	-
Ufo - Rock Bottom.gp	Ufo	Rock Bottom	02-09-2026	-	-	-	-	-
Unknown Artist - All Your Love --- John Mayall's Bluesbreakers.gp	Unknown Artist	All Your Love --- John Mayall's Bluesbreakers	10-17-2025	-	-	-	-	-
Uriah Heep - Easy Livin'.gp	Uriah Heep	Easy Livin'	09-16-2023	-	-	-	-	-
Vampire Weekend - A-Punk.gp	Vampire Weekend	A-Punk	04-27-2026	-	-	-	-	-
Van Halen - Ain't Talkin' 'Bout Love.gp	Van Halen	Ain't Talkin' 'Bout Love	04-19-2026	-	-	-	-	-
Van Halen - Eruption.gp	Van Halen	Eruption	04-24-2026	-	-	-	-	-
Van Halen - Hot For Teacher.gp	Van Halen	Hot For Teacher	04-13-2026	-	-	-	-	-
Van Halen - Jump.gp	Van Halen	Jump	04-06-2026	-	-	-	-	-
Van Halen - Panama.gp	Van Halen	Panama	04-18-2026	-	-	-	-	-
Van Halen - Right Now.gp	Van Halen	Right Now	04-25-2026	-	-	-	-	-
Van Halen - Runnin' With The Devil.gp	Van Halen	Runnin' With The Devil	04-23-2026	-	-	-	-	-
Van Halen - Why Can't This Be Love.gp	Van Halen	Why Can't This Be Love	01-19-2026	-	-	-	-	-
Vance Joy - Riptide.gp	Vance Joy	Riptide	01-27-2026	-	-	-	-	-
vianney - Je m'en vais.gp	vianney	Je m'en vais	03-12-2026	-	-	-	-	-
War - Cisco Kid.gp	War	Cisco Kid	05-24-2023	-	-	-	-	-
War - Low Rider.gp	War	Low Rider	03-11-2026	-	-	-	-	-
War - Why Can't We Be Friends.gp	War	Why Can't We Be Friends	01-21-2024	-	-	-	-	-
Warrant - Cherry Pie.gp	Warrant	Cherry Pie	04-28-2026	-	-	-	-	-
Warren Zevon - Werewolves Of London.gp	Warren Zevon	Werewolves Of London	10-01-2025	-	-	-	-	-
Weezer - Buddy Holly.gp	Weezer	Buddy Holly	05-01-2026	-	-	-	-	-
Weezer - Hash Pipe.gp	Weezer	Hash Pipe	04-11-2026	-	-	-	-	-
Weezer - In The Garage.gp	Weezer	In The Garage	04-22-2026	-	-	-	-	-
Weezer - Say It Ain't So.gp	Weezer	Say It Ain't So	04-28-2026	-	-	-	-	-
Weezer-Undone - The Sweater Song.gp	Weezer-Undone	The Sweater Song	05-04-2026	-	-	-	-	-
Whats Up - 4 non blondes.gp	Whats Up	4 non blondes	10-16-2018	-	-	-	-	-
Wheatus - Teenage Dirtbag.gp	Wheatus	Teenage Dirtbag	03-20-2026	-	-	-	-	-
Whitesnake - Fool For Your Loving.gp	Whitesnake	Fool For Your Loving	01-12-2026	-	-	-	-	-
Whitesnake - Here I Go Again.gp	Whitesnake	Here I Go Again	03-13-2026	-	-	-	-	-
Whitesnake - Is This Love.gp	Whitesnake	Is This Love	12-22-2025	-	-	-	-	-
Whitesnake - Still Of The Night.gp	Whitesnake	Still Of The Night	04-01-2026	-	-	-	-	-
Wild Cherry - Play That Funky Music.gp	Wild Cherry	Play That Funky Music	04-18-2026	-	-	-	-	-
Wilson Pickett - In The Midnight Hour.gp	Wilson Pickett	In The Midnight Hour	04-11-2026	-	-	-	-	-
Wilson Pickett - Mustang Sally.gp	Wilson Pickett	Mustang Sally	03-05-2026	-	-	-	-	-
Winger - Seventeen.gp	Winger	Seventeen	10-24-2025	-	-	-	-	-
Wishbone Ash - Blowin' Free.gp	Wishbone Ash	Blowin' Free	10-08-2023	-	-	-	-	-
Wishbone Ash - Phoenix.gp	Wishbone Ash	Phoenix	06-03-2025	-	-	-	-	-
Wolfmother - Joker And The Thief.gp	Wolfmother	Joker And The Thief	08-03-2025	-	-	-	-	-
Wolfmother - Vagabond.gp	Wolfmother	Vagabond	04-30-2025	-	-	-	-	-
Wolfmother - White Unicorn.gp	Wolfmother	White Unicorn	09-08-2025	-	-	-	-	-
Wolfmother - Woman.gp	Wolfmother	Woman	12-03-2024	-	-	-	-	-
Yael Naim - New Soul.gp	Yael Naim	New Soul	01-12-2024	-	-	-	-	-
Yeah Yeah Yeahs - Heads Will Roll.gp	Yeah Yeah Yeahs	Heads Will Roll	11-28-2025	-	-	-	-	-
Yeah Yeah Yeahs - Maps.gp	Yeah Yeah Yeahs	Maps	01-12-2026	-	-	-	-	-
Yellowcard - Ocean Avenue.gp	Yellowcard	Ocean Avenue	04-07-2026	-	-	-	-	-
Yes - And You And I.gp	Yes	And You And I	04-18-2026	-	-	-	-	-
Yes - Owner Of A Lonely Heart.gp	Yes	Owner Of A Lonely Heart	03-24-2026	-	-	-	-	-
Yes - Roundabout.gp	Yes	Roundabout	04-27-2026	-	-	-	-	-
Yngwie Malmsteen - Black Star.gp	Yngwie Malmsteen	Black Star	11-29-2025	-	-	-	-	-
Yves Duteil - Prendre Un Enfant Par La Main.gp	Yves Duteil	Prendre Un Enfant Par La Main	12-17-2008	-	-	-	-	-
Zaz - Je Veux 1 Гитара.gp	Zaz	Je Veux 1 Гитара	10-07-2015	-	-	-	-	-
ZZ Top - Gimme All Your Lovin'.gp	ZZ Top	Gimme All Your Lovin'	04-04-2026	-	-	-	-	-
ZZ Top - Just Got Paid.gp	ZZ Top	Just Got Paid	01-19-2024	-	-	-	-	-
ZZ Top - La Grange.gp	ZZ Top	La Grange	02-25-2026	-	-	-	-	-
ZZ Top - Legs.gp	ZZ Top	Legs	03-19-2026	-	-	-	-	-
ZZ Top - Sharp Dressed Man.gp	ZZ Top	Sharp Dressed Man	04-21-2026	-	-	-	-	-
ZZ Top - Tube Snake Boogie.gp	ZZ Top	Tube Snake Boogie	12-23-2012	-	-	-	-	-
ZZ Top - Tush.gp	ZZ Top	Tush	04-02-2026	-	-	-	-	-
Bo Diddley - I'm A Man.gp	Bo Diddley	I'm A Man	07-01-2025	-	-	-	-	-
Chris Isaak - Wicked Game.gp	Chris Isaak	Wicked Game	05-14-2026	-	-	-	-	-
Eric Clapton - After Midnight.gp	Eric Clapton	After Midnight	01-15-2026	-	-	-	-	-
Eric Clapton - Lay Down Sally.gp	Eric Clapton	Lay Down Sally	05-23-2025	-	-	-	-	-
Jimi Hendrix - Foxy Lady (Live at Monterey).gp	Jimi Hendrix	Foxy Lady (Live at Monterey)	04-29-2023	-	-	-	-	-
Lenny Kravitz - Again.gp	Lenny Kravitz	Again	04-10-2026	-	-	-	-	-
Tracy Chapman - Give Me One Reason.gp	Tracy Chapman	Give Me One Reason	11-12-2025	-	-	-	-	-
